original_path,output_path,articleurl,status,footer_used
qutub_minar_controversy.html,qutub_minar_controversy.html,no,merged,/Users/prashantdhingra/e/a3_output/indiacities.net/output/content/footer.fragment
taj-mahal-controversy.html,taj-mahal-controversy.html,no,merged,/Users/prashantdhingra/e/a3_output/indiacities.net/output/content/footer.fragment
india-city-directory.html,index.html,yes,merged,/Users/prashantdhingra/e/a3_output/indiacities.net/output/content/footer.fragment
tamilnadu/Ooty.html,tamilnadu/Ooty.html,no,merged,/Users/prashantdhingra/e/a3_output/indiacities.net/output/content/tamilnadu/footer.fragment
tamilnadu/Kancheepuram.html,tamilnadu/Kancheepuram.html,no,merged,/Users/prashantdhingra/e/a3_output/indiacities.net/output/content/tamilnadu/footer.fragment
tamilnadu/Mudumalai Wildlife Sanctuary.html,tamilnadu/Mudumalai Wildlife Sanctuary.html,no,merged,/Users/prashantdhingra/e/a3_output/indiacities.net/output/content/tamilnadu/footer.fragment
tamilnadu/Madurai.html,tamilnadu/Madurai.html,no,merged,/Users/prashantdhingra/e/a3_output/indiacities.net/output/content/tamilnadu/footer.fragment
tamilnadu/Coimbatore.html,tamilnadu/Coimbatore.html,no,merged,/Users/prashantdhingra/e/a3_output/indiacities.net/output/content/tamilnadu/footer.fragment
tamilnadu/Thanjavur.html,tamilnadu/Thanjavur.html,no,merged,/Users/prashantdhingra/e/a3_output/indiacities.net/output/content/tamilnadu/footer.fragment
tamilnadu/Chennai.html,tamilnadu/Chennai.html,no,merged,/Users/prashantdhingra/e/a3_output/indiacities.net/output/content/tamilnadu/footer.fragment
tamilnadu/Rameswaram.html,tamilnadu/Rameswaram.html,no,merged,/Users/prashantdhingra/e/a3_output/indiacities.net/output/content/tamilnadu/footer.fragment
manipur/Imphal.html,manipur/Imphal.html,no,merged,/Users/prashantdhingra/e/a3_output/indiacities.net/output/content/manipur/footer.fragment
haryana/Chandigarh.html,haryana/Chandigarh.html,no,merged,/Users/prashantdhingra/e/a3_output/indiacities.net/output/content/haryana/footer.fragment
haryana/manesar-tour.html,haryana/manesar-tour.html,no,merged,/Users/prashantdhingra/e/a3_output/indiacities.net/output/content/haryana/footer.fragment
haryana/rohtak.html,haryana/rohtak.html,no,merged,/Users/prashantdhingra/e/a3_output/indiacities.net/output/content/haryana/footer.fragment
haryana/panipat.html,haryana/panipat.html,no,merged,/Users/prashantdhingra/e/a3_output/indiacities.net/output/content/haryana/footer.fragment
haryana/places-to-see-in-gurgaon.html,haryana/places-to-see-in-gurgaon.html,no,merged,/Users/prashantdhingra/e/a3_output/indiacities.net/output/content/haryana/footer.fragment
haryana/places-to-visit-in-bhiwani.html,haryana/places-to-visit-in-bhiwani.html,no,merged,/Users/prashantdhingra/e/a3_output/indiacities.net/output/content/haryana/footer.fragment
haryana/places-to-see-in-hisar.html,haryana/places-to-see-in-hisar.html,no,merged,/Users/prashantdhingra/e/a3_output/indiacities.net/output/content/haryana/footer.fragment
haryana/Sirsa.html,haryana/Sirsa.html,no,merged,/Users/prashantdhingra/e/a3_output/indiacities.net/output/content/haryana/footer.fragment
haryana/Kurukshetra.html,haryana/Kurukshetra.html,no,merged,/Users/prashantdhingra/e/a3_output/indiacities.net/output/content/haryana/footer.fragment
haryana/Faridabad.html,haryana/Faridabad.html,no,merged,/Users/prashantdhingra/e/a3_output/indiacities.net/output/content/haryana/footer.fragment
gujarat/Gir-National-Park.html,gujarat/Gir-National-Park.html,no,merged,/Users/prashantdhingra/e/a3_output/indiacities.net/output/content/gujarat/footer.fragment
gujarat/Ahmedabad.html,gujarat/Ahmedabad.html,no,merged,/Users/prashantdhingra/e/a3_output/indiacities.net/output/content/gujarat/footer.fragment
gujarat/Surat.html,gujarat/Surat.html,no,merged,/Users/prashantdhingra/e/a3_output/indiacities.net/output/content/gujarat/footer.fragment
gujarat/dandi-tour.html,gujarat/dandi-tour.html,no,merged,/Users/prashantdhingra/e/a3_output/indiacities.net/output/content/gujarat/footer.fragment
gujarat/Vadodara.html,gujarat/Vadodara.html,no,merged,/Users/prashantdhingra/e/a3_output/indiacities.net/output/content/gujarat/footer.fragment
gujarat/bhuj-tour.html,gujarat/bhuj-tour.html,no,merged,/Users/prashantdhingra/e/a3_output/indiacities.net/output/content/gujarat/footer.fragment
gujarat/Rajkot.html,gujarat/Rajkot.html,no,merged,/Users/prashantdhingra/e/a3_output/indiacities.net/output/content/gujarat/footer.fragment
gujarat/Gandhinagar.html,gujarat/Gandhinagar.html,no,merged,/Users/prashantdhingra/e/a3_output/indiacities.net/output/content/gujarat/footer.fragment
sikkim/Gangtok.html,sikkim/Gangtok.html,no,merged,/Users/prashantdhingra/e/a3_output/indiacities.net/output/content/sikkim/footer.fragment
delhi/kinari-bazar.html,delhi/kinari-bazar.html,no,merged,/Users/prashantdhingra/e/a3_output/indiacities.net/output/content/delhi/footer.fragment
delhi/Places-to-visit-in-Mehrauli.html,delhi/Places-to-visit-in-Mehrauli.html,no,merged,/Users/prashantdhingra/e/a3_output/indiacities.net/output/content/delhi/footer.fragment
delhi/shopping.html,delhi/shopping.html,no,merged,/Users/prashantdhingra/e/a3_output/indiacities.net/output/content/delhi/footer.fragment
delhi/Greater-Noida.html,delhi/Greater-Noida.html,no,merged,/Users/prashantdhingra/e/a3_output/indiacities.net/output/content/delhi/footer.fragment
uttar-pradesh/Amethi.html,uttar-pradesh/Amethi.html,no,merged,/Users/prashantdhingra/e/a3_output/indiacities.net/output/content/uttar-pradesh/footer.fragment
uttar-pradesh/Mathura.html,uttar-pradesh/Mathura.html,no,merged,/Users/prashantdhingra/e/a3_output/indiacities.net/output/content/uttar-pradesh/footer.fragment
uttar-pradesh/Jhansi.html,uttar-pradesh/Jhansi.html,no,merged,/Users/prashantdhingra/e/a3_output/indiacities.net/output/content/uttar-pradesh/footer.fragment
uttar-pradesh/Mussoorie.html,uttar-pradesh/Mussoorie.html,no,merged,/Users/prashantdhingra/e/a3_output/indiacities.net/output/content/uttar-pradesh/footer.fragment
uttar-pradesh/Lucknow.html,uttar-pradesh/Lucknow.html,no,merged,/Users/prashantdhingra/e/a3_output/indiacities.net/output/content/uttar-pradesh/footer.fragment
uttar-pradesh/National Chambal Sanctuary.html,uttar-pradesh/National Chambal Sanctuary.html,no,merged,/Users/prashantdhingra/e/a3_output/indiacities.net/output/content/uttar-pradesh/footer.fragment
uttar-pradesh/Ghaziabad.html,uttar-pradesh/Ghaziabad.html,no,merged,/Users/prashantdhingra/e/a3_output/indiacities.net/output/content/uttar-pradesh/footer.fragment
uttar-pradesh/Chandra Prabha Sanctuary.html,uttar-pradesh/Chandra Prabha Sanctuary.html,no,merged,/Users/prashantdhingra/e/a3_output/indiacities.net/output/content/uttar-pradesh/footer.fragment
uttar-pradesh/Mahavir Sanctuary.html,uttar-pradesh/Mahavir Sanctuary.html,no,merged,/Users/prashantdhingra/e/a3_output/indiacities.net/output/content/uttar-pradesh/footer.fragment
uttar-pradesh/Azamgarh.html,uttar-pradesh/Azamgarh.html,no,merged,/Users/prashantdhingra/e/a3_output/indiacities.net/output/content/uttar-pradesh/footer.fragment
uttar-pradesh/Moradabad.html,uttar-pradesh/Moradabad.html,no,merged,/Users/prashantdhingra/e/a3_output/indiacities.net/output/content/uttar-pradesh/footer.fragment
uttar-pradesh/Ranipur Sanctuary.html,uttar-pradesh/Ranipur Sanctuary.html,no,merged,/Users/prashantdhingra/e/a3_output/indiacities.net/output/content/uttar-pradesh/footer.fragment
uttar-pradesh/Kanpur.html,uttar-pradesh/Kanpur.html,no,merged,/Users/prashantdhingra/e/a3_output/indiacities.net/output/content/uttar-pradesh/footer.fragment
uttar-pradesh/Dudhwa National Park.html,uttar-pradesh/Dudhwa National Park.html,no,merged,/Users/prashantdhingra/e/a3_output/indiacities.net/output/content/uttar-pradesh/footer.fragment
uttar-pradesh/Allahabad.html,uttar-pradesh/Allahabad.html,no,merged,/Users/prashantdhingra/e/a3_output/indiacities.net/output/content/uttar-pradesh/footer.fragment
uttar-pradesh/Katrnighat Wildlife Sanctuary.html,uttar-pradesh/Katrnighat Wildlife Sanctuary.html,no,merged,/Users/prashantdhingra/e/a3_output/indiacities.net/output/content/uttar-pradesh/footer.fragment
uttar-pradesh/Agra.html,uttar-pradesh/Agra.html,no,merged,/Users/prashantdhingra/e/a3_output/indiacities.net/output/content/uttar-pradesh/footer.fragment
goa/South-Goa.html,goa/South-Goa.html,no,merged,/Users/prashantdhingra/e/a3_output/indiacities.net/output/content/goa/footer.fragment
goa/Bondla-Wildlife-Sanctuary.html,goa/Bondla-Wildlife-Sanctuary.html,no,merged,/Users/prashantdhingra/e/a3_output/indiacities.net/output/content/goa/footer.fragment
goa/Bhagwan-Mahavir-Wildlife-Sanctuary.html,goa/Bhagwan-Mahavir-Wildlife-Sanctuary.html,no,merged,/Users/prashantdhingra/e/a3_output/indiacities.net/output/content/goa/footer.fragment
monuments/india-forts-3-dynasties.html,monuments/forts-of-india-design-history-legends.html,yes,merged,/Users/prashantdhingra/e/a3_output/indiacities.net/output/content/monuments/footer.fragment
monuments/janjira-fort.html,monuments/janjira-fort-unconquered-sea-fortress.html,yes,merged,/Users/prashantdhingra/e/a3_output/indiacities.net/output/content/monuments/footer.fragment
monuments/ayodhya-temple-info.html,monuments/rise-of-shri-ram-janmabhoomi-mandir.html,yes,merged,/Users/prashantdhingra/e/a3_output/indiacities.net/output/content/monuments/footer.fragment
monuments/qutubminar-research.html,monuments/qutub-minar-history-architecture-legacy.html,yes,merged,/Users/prashantdhingra/e/a3_output/indiacities.net/output/content/monuments/footer.fragment
monuments/india-empires-info.html,monuments/india-great-empires-history.html,yes,merged,/Users/prashantdhingra/e/a3_output/indiacities.net/output/content/monuments/footer.fragment
monuments/chitradurga-fort.html,monuments/chitradurga-fort-seven-circles.html,yes,merged,/Users/prashantdhingra/e/a3_output/indiacities.net/output/content/monuments/footer.fragment
monuments/allahbad-fort-info.html,monuments/allahabad-fort-history-and-legacy.html,yes,merged,/Users/prashantdhingra/e/a3_output/indiacities.net/output/content/monuments/footer.fragment
monuments/amber-fort.html,monuments/amber-fort-guide-history-architecture.html,yes,merged,/Users/prashantdhingra/e/a3_output/indiacities.net/output/content/monuments/footer.fragment
monuments/redfort-agra.html,monuments/agra-fort-history-architecture-mughal-legacy.html,yes,merged,/Users/prashantdhingra/e/a3_output/indiacities.net/output/content/monuments/footer.fragment
monuments/ashok-pillar.html,monuments/pillars-of-ashoka-symbols-peace-legacy.html,yes,merged,/Users/prashantdhingra/e/a3_output/indiacities.net/output/content/monuments/footer.fragment
monuments/daultabad-fort.html,monuments/daulatabad-fort-invincible-deccan-fortress.html,yes,merged,/Users/prashantdhingra/e/a3_output/indiacities.net/output/content/monuments/footer.fragment
monuments/india-fort-info-footer.html,monuments/indias-architectural-heritage-visual-journey.html,yes,merged,/Users/prashantdhingra/e/a3_output/indiacities.net/output/content/monuments/footer.fragment
monuments/forts-main.html,monuments/explore-indias-majestic-forts.html,yes,merged,/Users/prashantdhingra/e/a3_output/indiacities.net/output/content/monuments/footer.fragment
monuments/fort-tipu-sultan.html,monuments/tipu-sultan-fort-history-legacy.html,yes,merged,/Users/prashantdhingra/e/a3_output/indiacities.net/output/content/monuments/footer.fragment
monuments/fort-golkonda.html,monuments/golconda-fort-history-engineering-diamonds.html,yes,merged,/Users/prashantdhingra/e/a3_output/indiacities.net/output/content/monuments/footer.fragment
monuments/india-kingdom-info.html,monuments/indias-great-empires-visual-history.html,yes,merged,/Users/prashantdhingra/e/a3_output/indiacities.net/output/content/monuments/footer.fragment
monuments/india-kingdom-history.html,monuments/sovereign-tapestry-indian-empires-history.html,yes,merged,/Users/prashantdhingra/e/a3_output/indiacities.net/output/content/monuments/footer.fragment
monuments/Khajuraho.html,monuments/khajuraho-art-history-temples.html,yes,merged,/Users/prashantdhingra/e/a3_output/indiacities.net/output/content/monuments/footer.fragment
monuments/india-forts.html,monuments/indias-architectural-heritage-report.html,yes,merged,/Users/prashantdhingra/e/a3_output/indiacities.net/output/content/monuments/footer.fragment
monuments/ajanta-ellora.html,monuments/ajanta-ellora-rock-cut-wonders-guide.html,yes,merged,/Users/prashantdhingra/e/a3_output/indiacities.net/output/content/monuments/footer.fragment
monuments/india-forts-info.html,monuments/indias-architectural-heritage-timeless-legacy.html,yes,merged,/Users/prashantdhingra/e/a3_output/indiacities.net/output/content/monuments/footer.fragment
monuments/ashok-pillar-info.html,monuments/ashoka-pillars-legacy-dhamma.html,yes,merged,/Users/prashantdhingra/e/a3_output/indiacities.net/output/content/monuments/footer.fragment
monuments/fort-belagum.html,monuments/belgaum-fort-history-architecture-pluralism.html,yes,merged,/Users/prashantdhingra/e/a3_output/indiacities.net/output/content/monuments/footer.fragment
monuments/mysore-palace.html,monuments/mysore-palace-history-architecture-tourism.html,yes,merged,/Users/prashantdhingra/e/a3_output/indiacities.net/output/content/monuments/footer.fragment
monuments/tamilnadu-forts-3.html,monuments/tamil-nadu-temples-forts-architecture.html,yes,merged,/Users/prashantdhingra/e/a3_output/indiacities.net/output/content/monuments/footer.fragment
monuments/ayodhya-temple.html,monuments/shri-ram-janmabhoomi-mandir-exploration.html,yes,merged,/Users/prashantdhingra/e/a3_output/indiacities.net/output/content/monuments/footer.fragment
monuments/fort-golkonda-info.html,monuments/golconda-fortress-diamonds-power.html,yes,merged,/Users/prashantdhingra/e/a3_output/indiacities.net/output/content/monuments/footer.fragment
monuments/arnala-fort-info.html,monuments/arnala-fort-history-architecture-legacy.html,yes,merged,/Users/prashantdhingra/e/a3_output/indiacities.net/output/content/monuments/footer.fragment
monuments/ajinkyatara-fort.html,monuments/ajinkyatara-fort-exploration-guide.html,yes,merged,/Users/prashantdhingra/e/a3_output/indiacities.net/output/content/monuments/footer.fragment
monuments/india-fort-info-footer copy.html,monuments/indias-architectural-heritage-infographic.html,yes,merged,/Users/prashantdhingra/e/a3_output/indiacities.net/output/content/monuments/footer.fragment
monuments/gateway-of-india.html,monuments/ajinkyatara-fort-history-legacy-guide.html,yes,merged,/Users/prashantdhingra/e/a3_output/indiacities.net/output/content/monuments/footer.fragment
monuments/ajinkyatara-fort-info.html,monuments/ajinkyatara-fort-guide-history-visitor-info.html,yes,merged,/Users/prashantdhingra/e/a3_output/indiacities.net/output/content/monuments/footer.fragment
monuments/ajanta-ellora-info.html,monuments/ajanta-ellora-rock-cut-wonders.html,yes,merged,/Users/prashantdhingra/e/a3_output/indiacities.net/output/content/monuments/footer.fragment
monuments/mysore-palace copy.html,monuments/mysore-palace-history-architecture.html,yes,merged,/Users/prashantdhingra/e/a3_output/indiacities.net/output/content/monuments/footer.fragment
monuments/india-architecture-flag-color.html,monuments/indias-architectural-heritage-visual-guide.html,yes,merged,/Users/prashantdhingra/e/a3_output/indiacities.net/output/content/monuments/footer.fragment
monuments/sachi-stupa.html,monuments/great-stupa-sanchi-history-symbolism.html,yes,merged,/Users/prashantdhingra/e/a3_output/indiacities.net/output/content/monuments/footer.fragment
monuments/qutubminar-info.html,monuments/qutub-minar-history-architecture-icon.html,yes,merged,/Users/prashantdhingra/e/a3_output/indiacities.net/output/content/monuments/footer.fragment
monuments/arnala-fort.html,monuments/arnala-fort-guide-history-legacy.html,yes,merged,/Users/prashantdhingra/e/a3_output/indiacities.net/output/content/monuments/footer.fragment
monuments/india-forts-info-page.html,monuments/sentinels-of-india-iconic-forts-overview.html,yes,merged,/Users/prashantdhingra/e/a3_output/indiacities.net/output/content/monuments/footer.fragment
monuments/places-fort-footer.html,monuments/fortress-explorer-iconic-fortresses.html,yes,merged,/Users/prashantdhingra/e/a3_output/indiacities.net/output/content/monuments/footer.fragment
monuments/hawa-mahal.html,monuments/hawa-mahal-jaipur-palace-winds.html,yes,merged,/Users/prashantdhingra/e/a3_output/indiacities.net/output/content/monuments/footer.fragment
monuments/aligarh-fort.html,monuments/aligarh-fort-history-guide.html,yes,merged,/Users/prashantdhingra/e/a3_output/indiacities.net/output/content/monuments/footer.fragment
monuments/fort-gwalior.html,monuments/gwalior-fort-gibraltar-india.html,yes,merged,/Users/prashantdhingra/e/a3_output/indiacities.net/output/content/monuments/footer.fragment
monuments/allahbad-fort.html,monuments/allahabad-fort-history-significance.html,yes,merged,/Users/prashantdhingra/e/a3_output/indiacities.net/output/content/monuments/footer.fragment
monuments/sanchi-stupa-summary.html,monuments/great-stupa-sanchi-infographic.html,yes,merged,/Users/prashantdhingra/e/a3_output/indiacities.net/output/content/monuments/footer.fragment
monuments/amber-fort-info.html,monuments/amber-fort-history-architecture-guide.html,yes,merged,/Users/prashantdhingra/e/a3_output/indiacities.net/output/content/monuments/footer.fragment
monuments/india-forts-explorer.html,monuments/forts-monuments-india-interactive-history.html,yes,merged,/Users/prashantdhingra/e/a3_output/indiacities.net/output/content/monuments/footer.fragment
monuments/ramgarh-fort-haryana.html,monuments/ramgarh-fort-heritage-hotel-history.html,yes,merged,/Users/prashantdhingra/e/a3_output/indiacities.net/output/content/monuments/footer.fragment
monuments/aligarh-forts-info.html,monuments/aligarh-fort-history-visitor-guide.html,yes,merged,/Users/prashantdhingra/e/a3_output/indiacities.net/output/content/monuments/footer.fragment
monuments/aranthangi-fort.html,monuments/aranthangi-fort-guide.html,yes,merged,/Users/prashantdhingra/e/a3_output/indiacities.net/output/content/monuments/footer.fragment
monuments/saniwar-fort.html,monuments/shaniwar-wada-history-architecture-legacy.html,yes,merged,/Users/prashantdhingra/e/a3_output/indiacities.net/output/content/monuments/footer.fragment
punjab/Hoshiarpur.html,punjab/Hoshiarpur.html,no,merged,/Users/prashantdhingra/e/a3_output/indiacities.net/output/content/punjab/footer.fragment
punjab/Amritsar.html,punjab/Amritsar.html,no,merged,/Users/prashantdhingra/e/a3_output/indiacities.net/output/content/punjab/footer.fragment
punjab/Jalandhar.html,punjab/Jalandhar.html,no,merged,/Users/prashantdhingra/e/a3_output/indiacities.net/output/content/punjab/footer.fragment
punjab/Ludhiana.html,punjab/Ludhiana.html,no,merged,/Users/prashantdhingra/e/a3_output/indiacities.net/output/content/punjab/footer.fragment
punjab/Patiala.html,punjab/Patiala.html,no,merged,/Users/prashantdhingra/e/a3_output/indiacities.net/output/content/punjab/footer.fragment
punjab/places-to-see-in-ludhiana.html,punjab/places-to-see-in-ludhiana.html,no,merged,/Users/prashantdhingra/e/a3_output/indiacities.net/output/content/punjab/footer.fragment
punjab/places-to-see-in-patiala.html,punjab/places-to-see-in-patiala.html,no,merged,/Users/prashantdhingra/e/a3_output/indiacities.net/output/content/punjab/footer.fragment
punjab/places-to-see-in-jalandhar.html,punjab/places-to-see-in-jalandhar.html,no,merged,/Users/prashantdhingra/e/a3_output/indiacities.net/output/content/punjab/footer.fragment
arunachal-pradesh/Itanagar.html,arunachal-pradesh/Itanagar.html,no,merged,/Users/prashantdhingra/e/a3_output/indiacities.net/output/content/arunachal-pradesh/footer.fragment
karnataka/Mangalore.html,karnataka/Mangalore.html,no,merged,/Users/prashantdhingra/e/a3_output/indiacities.net/output/content/karnataka/footer.fragment
karnataka/Dandeli-Wildlife-Sanctuary.html,karnataka/Dandeli-Wildlife-Sanctuary.html,no,merged,/Users/prashantdhingra/e/a3_output/indiacities.net/output/content/karnataka/footer.fragment
karnataka/Nagarhole-Wildlife-Sanctuary.html,karnataka/Nagarhole-Wildlife-Sanctuary.html,no,merged,/Users/prashantdhingra/e/a3_output/indiacities.net/output/content/karnataka/footer.fragment
karnataka/hubli-tour.html,karnataka/hubli-tour.html,no,merged,/Users/prashantdhingra/e/a3_output/indiacities.net/output/content/karnataka/footer.fragment
karnataka/Bangalore.html,karnataka/Bangalore.html,no,merged,/Users/prashantdhingra/e/a3_output/indiacities.net/output/content/karnataka/footer.fragment
karnataka/places-to-visit-in-mysore.html,karnataka/places-to-visit-in-mysore.html,no,merged,/Users/prashantdhingra/e/a3_output/indiacities.net/output/content/karnataka/footer.fragment
maharashtra/Lonavala.html,maharashtra/Lonavala.html,no,merged,/Users/prashantdhingra/e/a3_output/indiacities.net/output/content/maharashtra/footer.fragment
maharashtra/Nagpur.html,maharashtra/Nagpur.html,no,merged,/Users/prashantdhingra/e/a3_output/indiacities.net/output/content/maharashtra/footer.fragment
maharashtra/malegaon-tour.html,maharashtra/malegaon-tour.html,no,merged,/Users/prashantdhingra/e/a3_output/indiacities.net/output/content/maharashtra/footer.fragment
maharashtra/Aurangabad.html,maharashtra/Aurangabad.html,no,merged,/Users/prashantdhingra/e/a3_output/indiacities.net/output/content/maharashtra/footer.fragment
maharashtra/khandala.html,maharashtra/khandala.html,no,merged,/Users/prashantdhingra/e/a3_output/indiacities.net/output/content/maharashtra/footer.fragment
maharashtra/Solapur.html,maharashtra/Solapur.html,no,merged,/Users/prashantdhingra/e/a3_output/indiacities.net/output/content/maharashtra/footer.fragment
maharashtra/Pune.html,maharashtra/Pune.html,no,merged,/Users/prashantdhingra/e/a3_output/indiacities.net/output/content/maharashtra/footer.fragment
maharashtra/Mumbai.html,maharashtra/Mumbai.html,no,merged,/Users/prashantdhingra/e/a3_output/indiacities.net/output/content/maharashtra/footer.fragment
maharashtra/Satara.html,maharashtra/Satara.html,no,merged,/Users/prashantdhingra/e/a3_output/indiacities.net/output/content/maharashtra/footer.fragment
maharashtra/Mahabaleshwar.html,maharashtra/Mahabaleshwar.html,no,merged,/Users/prashantdhingra/e/a3_output/indiacities.net/output/content/maharashtra/footer.fragment
maharashtra/Navi-Mumbai.html,maharashtra/Navi-Mumbai.html,no,merged,/Users/prashantdhingra/e/a3_output/indiacities.net/output/content/maharashtra/footer.fragment
maharashtra/Ajanta-Ellora-Caves.html,maharashtra/Ajanta-Ellora-Caves.html,no,merged,/Users/prashantdhingra/e/a3_output/indiacities.net/output/content/maharashtra/footer.fragment
maharashtra/Thane.html,maharashtra/Thane.html,no,merged,/Users/prashantdhingra/e/a3_output/indiacities.net/output/content/maharashtra/footer.fragment
maharashtra/Nasik.html,maharashtra/Nasik.html,no,merged,/Users/prashantdhingra/e/a3_output/indiacities.net/output/content/maharashtra/footer.fragment
madhya-pradesh/Ujjain.html,madhya-pradesh/Ujjain.html,no,merged,/Users/prashantdhingra/e/a3_output/indiacities.net/output/content/madhya-pradesh/footer.fragment
madhya-pradesh/Bhopal.html,madhya-pradesh/Bhopal.html,no,merged,/Users/prashantdhingra/e/a3_output/indiacities.net/output/content/madhya-pradesh/footer.fragment
madhya-pradesh/Pench-National-Park.html,madhya-pradesh/Pench-National-Park.html,no,merged,/Users/prashantdhingra/e/a3_output/indiacities.net/output/content/madhya-pradesh/footer.fragment
madhya-pradesh/Pachmarhi.html,madhya-pradesh/Pachmarhi.html,no,merged,/Users/prashantdhingra/e/a3_output/indiacities.net/output/content/madhya-pradesh/footer.fragment
madhya-pradesh/Bandhavgarh-National-Park.html,madhya-pradesh/Bandhavgarh-National-Park.html,no,merged,/Users/prashantdhingra/e/a3_output/indiacities.net/output/content/madhya-pradesh/footer.fragment
madhya-pradesh/Kanha-National-Park.html,madhya-pradesh/Kanha-National-Park.html,no,merged,/Users/prashantdhingra/e/a3_output/indiacities.net/output/content/madhya-pradesh/footer.fragment
madhya-pradesh/Panna-National-Park.html,madhya-pradesh/Panna-National-Park.html,no,merged,/Users/prashantdhingra/e/a3_output/indiacities.net/output/content/madhya-pradesh/footer.fragment
madhya-pradesh/Indore.html,madhya-pradesh/Indore.html,no,merged,/Users/prashantdhingra/e/a3_output/indiacities.net/output/content/madhya-pradesh/footer.fragment
madhya-pradesh/Jabalpur.html,madhya-pradesh/Jabalpur.html,no,merged,/Users/prashantdhingra/e/a3_output/indiacities.net/output/content/madhya-pradesh/footer.fragment
madhya-pradesh/places-to-see-in-bhopal.html,madhya-pradesh/places-to-see-in-bhopal.html,no,merged,/Users/prashantdhingra/e/a3_output/indiacities.net/output/content/madhya-pradesh/footer.fragment
madhya-pradesh/places-of-interest-in-gwalior.html,madhya-pradesh/places-of-interest-in-gwalior.html,no,merged,/Users/prashantdhingra/e/a3_output/indiacities.net/output/content/madhya-pradesh/footer.fragment
orissa/Cuttack.html,orissa/Cuttack.html,no,merged,/Users/prashantdhingra/e/a3_output/indiacities.net/output/content/orissa/footer.fragment
orissa/places-of-interest-in-bhubaneshwar.html,orissa/places-of-interest-in-bhubaneshwar.html,no,merged,/Users/prashantdhingra/e/a3_output/indiacities.net/output/content/orissa/footer.fragment
orissa/Bhubaneshwar.html,orissa/Bhubaneshwar.html,no,merged,/Users/prashantdhingra/e/a3_output/indiacities.net/output/content/orissa/footer.fragment
orissa/Puri.html,orissa/Puri.html,no,merged,/Users/prashantdhingra/e/a3_output/indiacities.net/output/content/orissa/footer.fragment
rajasthan/Jaipur.html,rajasthan/Jaipur.html,no,merged,/Users/prashantdhingra/e/a3_output/indiacities.net/output/content/rajasthan/footer.fragment
rajasthan/Bharatpur-Bird-Sanctuary.html,rajasthan/Bharatpur-Bird-Sanctuary.html,no,merged,/Users/prashantdhingra/e/a3_output/indiacities.net/output/content/rajasthan/footer.fragment
rajasthan/Sariska-National-Park.html,rajasthan/Sariska-National-Park.html,no,merged,/Users/prashantdhingra/e/a3_output/indiacities.net/output/content/rajasthan/footer.fragment
rajasthan/Bharatpur.html,rajasthan/Bharatpur.html,no,merged,/Users/prashantdhingra/e/a3_output/indiacities.net/output/content/rajasthan/footer.fragment
rajasthan/Bhiwadi.html,rajasthan/Bhiwadi.html,no,merged,/Users/prashantdhingra/e/a3_output/indiacities.net/output/content/rajasthan/footer.fragment
rajasthan/pushkar.html,rajasthan/pushkar.html,no,merged,/Users/prashantdhingra/e/a3_output/indiacities.net/output/content/rajasthan/footer.fragment
rajasthan/Alwar.html,rajasthan/Alwar.html,no,merged,/Users/prashantdhingra/e/a3_output/indiacities.net/output/content/rajasthan/footer.fragment
rajasthan/Jaisalmer.html,rajasthan/Jaisalmer.html,no,merged,/Users/prashantdhingra/e/a3_output/indiacities.net/output/content/rajasthan/footer.fragment
rajasthan/Ranthambore-National-Park.html,rajasthan/Ranthambore-National-Park.html,no,merged,/Users/prashantdhingra/e/a3_output/indiacities.net/output/content/rajasthan/footer.fragment
rajasthan/bhilwara-tour.html,rajasthan/bhilwara-tour.html,no,merged,/Users/prashantdhingra/e/a3_output/indiacities.net/output/content/rajasthan/footer.fragment
rajasthan/Bikaner.html,rajasthan/Bikaner.html,no,merged,/Users/prashantdhingra/e/a3_output/indiacities.net/output/content/rajasthan/footer.fragment
rajasthan/udaipur.html,rajasthan/udaipur.html,no,merged,/Users/prashantdhingra/e/a3_output/indiacities.net/output/content/rajasthan/footer.fragment
rajasthan/Ajmer.html,rajasthan/Ajmer.html,no,merged,/Users/prashantdhingra/e/a3_output/indiacities.net/output/content/rajasthan/footer.fragment
andhra-pradesh/Vijayawada.html,andhra-pradesh/Vijayawada.html,no,merged,/Users/prashantdhingra/e/a3_output/indiacities.net/output/content/andhra-pradesh/footer.fragment
andhra-pradesh/Hyderabad.html,andhra-pradesh/Hyderabad.html,no,merged,/Users/prashantdhingra/e/a3_output/indiacities.net/output/content/andhra-pradesh/footer.fragment
andhra-pradesh/Vishakapatnam.html,andhra-pradesh/Vishakapatnam.html,no,merged,/Users/prashantdhingra/e/a3_output/indiacities.net/output/content/andhra-pradesh/footer.fragment
andhra-pradesh/Secunderabad.html,andhra-pradesh/Secunderabad.html,no,merged,/Users/prashantdhingra/e/a3_output/indiacities.net/output/content/andhra-pradesh/footer.fragment
andhra-pradesh/Warangal.html,andhra-pradesh/Warangal.html,no,merged,/Users/prashantdhingra/e/a3_output/indiacities.net/output/content/andhra-pradesh/footer.fragment
andhra-pradesh/Guntur.html,andhra-pradesh/Guntur.html,no,merged,/Users/prashantdhingra/e/a3_output/indiacities.net/output/content/andhra-pradesh/footer.fragment
andhra-pradesh/Tirupati.html,andhra-pradesh/Tirupati.html,no,merged,/Users/prashantdhingra/e/a3_output/indiacities.net/output/content/andhra-pradesh/footer.fragment
kerala/Munnar.html,kerala/Munnar.html,no,merged,/Users/prashantdhingra/e/a3_output/indiacities.net/output/content/kerala/footer.fragment
kerala/Periyar-National-Park.html,kerala/Periyar-National-Park.html,no,merged,/Users/prashantdhingra/e/a3_output/indiacities.net/output/content/kerala/footer.fragment
kerala/Trivandrum.html,kerala/Trivandrum.html,no,merged,/Users/prashantdhingra/e/a3_output/indiacities.net/output/content/kerala/footer.fragment
kerala/Kottayam.html,kerala/Kottayam.html,no,merged,/Users/prashantdhingra/e/a3_output/indiacities.net/output/content/kerala/footer.fragment
kerala/Thiruvananthapuram.html,kerala/Thiruvananthapuram.html,no,merged,/Users/prashantdhingra/e/a3_output/indiacities.net/output/content/kerala/footer.fragment
kerala/Kumarakom-Bird-Sanctuary.html,kerala/Kumarakom-Bird-Sanctuary.html,no,merged,/Users/prashantdhingra/e/a3_output/indiacities.net/output/content/kerala/footer.fragment
kerala/Alleppey.html,kerala/Alleppey.html,no,merged,/Users/prashantdhingra/e/a3_output/indiacities.net/output/content/kerala/footer.fragment
kerala/Calicut.html,kerala/Calicut.html,no,merged,/Users/prashantdhingra/e/a3_output/indiacities.net/output/content/kerala/footer.fragment
kerala/Cochin.html,kerala/Cochin.html,no,merged,/Users/prashantdhingra/e/a3_output/indiacities.net/output/content/kerala/footer.fragment
kerala/Kozhikode.html,kerala/Kozhikode.html,no,merged,/Users/prashantdhingra/e/a3_output/indiacities.net/output/content/kerala/footer.fragment
kerala/Kollam.html,kerala/Kollam.html,no,merged,/Users/prashantdhingra/e/a3_output/indiacities.net/output/content/kerala/footer.fragment
tripura/Agartala.html,tripura/Agartala.html,no,merged,/Users/prashantdhingra/e/a3_output/indiacities.net/output/content/tripura/footer.fragment
mizoram/Aizawl.html,mizoram/Aizawl.html,no,merged,/Users/prashantdhingra/e/a3_output/indiacities.net/output/content/mizoram/footer.fragment
himachal-pradesh/Shimla.html,himachal-pradesh/Shimla.html,no,merged,/Users/prashantdhingra/e/a3_output/indiacities.net/output/content/himachal-pradesh/footer.fragment
himachal-pradesh/Dalhousie.html,himachal-pradesh/Dalhousie.html,no,merged,/Users/prashantdhingra/e/a3_output/indiacities.net/output/content/himachal-pradesh/footer.fragment
himachal-pradesh/Dharamsala.html,himachal-pradesh/Dharamsala.html,no,merged,/Users/prashantdhingra/e/a3_output/indiacities.net/output/content/himachal-pradesh/footer.fragment
himachal-pradesh/Great-Himalayan-National-Park.html,himachal-pradesh/Great-Himalayan-National-Park.html,no,merged,/Users/prashantdhingra/e/a3_output/indiacities.net/output/content/himachal-pradesh/footer.fragment
himachal-pradesh/chamba-tour.html,himachal-pradesh/chamba-tour.html,no,merged,/Users/prashantdhingra/e/a3_output/indiacities.net/output/content/himachal-pradesh/footer.fragment
himachal-pradesh/Manali.html,himachal-pradesh/Manali.html,no,merged,/Users/prashantdhingra/e/a3_output/indiacities.net/output/content/himachal-pradesh/footer.fragment
himachal-pradesh/Dalhousie-hillstation.html,himachal-pradesh/Dalhousie-hillstation.html,no,merged,/Users/prashantdhingra/e/a3_output/indiacities.net/output/content/himachal-pradesh/footer.fragment
himachal-pradesh/places-to-see-in-dharamshala.html,himachal-pradesh/places-to-see-in-dharamshala.html,no,merged,/Users/prashantdhingra/e/a3_output/indiacities.net/output/content/himachal-pradesh/footer.fragment
assam/Kaziranga-National-Park.html,assam/Kaziranga-National-Park.html,no,merged,/Users/prashantdhingra/e/a3_output/indiacities.net/output/content/assam/footer.fragment
assam/places-to-see-in-guwahati.html,assam/places-to-see-in-guwahati.html,no,merged,/Users/prashantdhingra/e/a3_output/indiacities.net/output/content/assam/footer.fragment
assam/Guwahati.html,assam/Guwahati.html,no,merged,/Users/prashantdhingra/e/a3_output/indiacities.net/output/content/assam/footer.fragment
assam/Manas-Tiger-Reserve.html,assam/Manas-Tiger-Reserve.html,no,merged,/Users/prashantdhingra/e/a3_output/indiacities.net/output/content/assam/footer.fragment
jmmu-kashmir/Amarnath-Yatra.html,jmmu-kashmir/Amarnath-Yatra.html,no,merged,/Users/prashantdhingra/e/a3_output/indiacities.net/output/content/jmmu-kashmir/footer.fragment
jmmu-kashmir/Vaishnodevi.html,jmmu-kashmir/Vaishnodevi.html,no,merged,/Users/prashantdhingra/e/a3_output/indiacities.net/output/content/jmmu-kashmir/footer.fragment
jmmu-kashmir/Dachigam-National-Park.html,jmmu-kashmir/Dachigam-National-Park.html,no,merged,/Users/prashantdhingra/e/a3_output/indiacities.net/output/content/jmmu-kashmir/footer.fragment
jmmu-kashmir/Ladakh.html,jmmu-kashmir/Ladakh.html,no,merged,/Users/prashantdhingra/e/a3_output/indiacities.net/output/content/jmmu-kashmir/footer.fragment
jmmu-kashmir/Temples-in-jammu.html,jmmu-kashmir/Temples-in-jammu.html,no,merged,/Users/prashantdhingra/e/a3_output/indiacities.net/output/content/jmmu-kashmir/footer.fragment
festivals/vijaya-dashmi/index.html,festivals/vijaya-dashmi/index.html,no,merged,/Users/prashantdhingra/e/a3_output/indiacities.net/output/content/festivals/vijaya-dashmi/footer.fragment
festivals/vijaya-dashmi/gallery.html,festivals/vijaya-dashmi/gallery.html,no,merged,/Users/prashantdhingra/e/a3_output/indiacities.net/output/content/festivals/vijaya-dashmi/footer.fragment
festivals/vijaya-dashmi/regional-dussehra-traditions-across-india/dussehra-in-bengaluru-ayudha-puja-and-karnataka-traditions.html,festivals/vijaya-dashmi/regional-dussehra-traditions-across-india/dussehra-in-bengaluru-ayudha-puja-and-karnataka-traditions.html,no,merged,/Users/prashantdhingra/e/a3_output/indiacities.net/output/content/festivals/vijaya-dashmi/regional-dussehra-traditions-across-india/footer.fragment
festivals/vijaya-dashmi/regional-dussehra-traditions-across-india/how-dussehra-traditions-differ-across-north-south-east-and-west-india.html,festivals/vijaya-dashmi/regional-dussehra-traditions-across-india/how-dussehra-traditions-differ-across-north-south-east-and-west-india.html,no,merged,/Users/prashantdhingra/e/a3_output/indiacities.net/output/content/festivals/vijaya-dashmi/regional-dussehra-traditions-across-india/footer.fragment
festivals/vijaya-dashmi/regional-dussehra-traditions-across-india/index.html,festivals/vijaya-dashmi/regional-dussehra-traditions-across-india/index.html,no,merged,/Users/prashantdhingra/e/a3_output/indiacities.net/output/content/festivals/vijaya-dashmi/regional-dussehra-traditions-across-india/footer.fragment
festivals/vijaya-dashmi/regional-dussehra-traditions-across-india/dussehra-in-mysuru-royal-procession-palace-lights-and-traditions.html,festivals/vijaya-dashmi/regional-dussehra-traditions-across-india/dussehra-in-mysuru-royal-procession-palace-lights-and-traditions.html,no,merged,/Users/prashantdhingra/e/a3_output/indiacities.net/output/content/festivals/vijaya-dashmi/regional-dussehra-traditions-across-india/footer.fragment
festivals/vijaya-dashmi/regional-dussehra-traditions-across-india/dussehra-in-kerala-vidyarambham-and-learning-traditions.html,festivals/vijaya-dashmi/regional-dussehra-traditions-across-india/dussehra-in-kerala-vidyarambham-and-learning-traditions.html,no,merged,/Users/prashantdhingra/e/a3_output/indiacities.net/output/content/festivals/vijaya-dashmi/regional-dussehra-traditions-across-india/footer.fragment
festivals/vijaya-dashmi/regional-dussehra-traditions-across-india/dussehra-in-patna-ramlila-and-bihar-traditions.html,festivals/vijaya-dashmi/regional-dussehra-traditions-across-india/dussehra-in-patna-ramlila-and-bihar-traditions.html,no,merged,/Users/prashantdhingra/e/a3_output/indiacities.net/output/content/festivals/vijaya-dashmi/regional-dussehra-traditions-across-india/footer.fragment
festivals/vijaya-dashmi/regional-dussehra-traditions-across-india/dussehra-in-ranchi-local-celebrations-and-jharkhand-traditions.html,festivals/vijaya-dashmi/regional-dussehra-traditions-across-india/dussehra-in-ranchi-local-celebrations-and-jharkhand-traditions.html,no,merged,/Users/prashantdhingra/e/a3_output/indiacities.net/output/content/festivals/vijaya-dashmi/regional-dussehra-traditions-across-india/footer.fragment
festivals/vijaya-dashmi/regional-dussehra-traditions-across-india/dussehra-in-mumbai-community-events-and-vijayadashami-traditions.html,festivals/vijaya-dashmi/regional-dussehra-traditions-across-india/dussehra-in-mumbai-community-events-and-vijayadashami-traditions.html,no,merged,/Users/prashantdhingra/e/a3_output/indiacities.net/output/content/festivals/vijaya-dashmi/regional-dussehra-traditions-across-india/footer.fragment
festivals/vijaya-dashmi/regional-dussehra-traditions-across-india/dussehra-in-kota-fairs-effigies-and-rajasthan-traditions.html,festivals/vijaya-dashmi/regional-dussehra-traditions-across-india/dussehra-in-kota-fairs-effigies-and-rajasthan-traditions.html,no,merged,/Users/prashantdhingra/e/a3_output/indiacities.net/output/content/festivals/vijaya-dashmi/regional-dussehra-traditions-across-india/footer.fragment
festivals/vijaya-dashmi/regional-dussehra-traditions-across-india/kullu-dussehra-history-deities-and-week-long-celebrations.html,festivals/vijaya-dashmi/regional-dussehra-traditions-across-india/kullu-dussehra-history-deities-and-week-long-celebrations.html,no,merged,/Users/prashantdhingra/e/a3_output/indiacities.net/output/content/festivals/vijaya-dashmi/regional-dussehra-traditions-across-india/footer.fragment
festivals/vijaya-dashmi/regional-dussehra-traditions-across-india/dussehra-in-jaipur-ramlila-fairs-and-local-customs.html,festivals/vijaya-dashmi/regional-dussehra-traditions-across-india/dussehra-in-jaipur-ramlila-fairs-and-local-customs.html,no,merged,/Users/prashantdhingra/e/a3_output/indiacities.net/output/content/festivals/vijaya-dashmi/regional-dussehra-traditions-across-india/footer.fragment
festivals/vijaya-dashmi/regional-dussehra-traditions-across-india/dussehra-in-chennai-golu-saraswati-puja-and-vijayadashami.html,festivals/vijaya-dashmi/regional-dussehra-traditions-across-india/dussehra-in-chennai-golu-saraswati-puja-and-vijayadashami.html,no,merged,/Users/prashantdhingra/e/a3_output/indiacities.net/output/content/festivals/vijaya-dashmi/regional-dussehra-traditions-across-india/footer.fragment
festivals/vijaya-dashmi/regional-dussehra-traditions-across-india/dussehra-in-ayodhya-rama-traditions-and-festival-celebrations.html,festivals/vijaya-dashmi/regional-dussehra-traditions-across-india/dussehra-in-ayodhya-rama-traditions-and-festival-celebrations.html,no,merged,/Users/prashantdhingra/e/a3_output/indiacities.net/output/content/festivals/vijaya-dashmi/regional-dussehra-traditions-across-india/footer.fragment
festivals/vijaya-dashmi/regional-dussehra-traditions-across-india/dussehra-in-kanpur-fairs-ramlila-and-community-celebrations.html,festivals/vijaya-dashmi/regional-dussehra-traditions-across-india/dussehra-in-kanpur-fairs-ramlila-and-community-celebrations.html,no,merged,/Users/prashantdhingra/e/a3_output/indiacities.net/output/content/festivals/vijaya-dashmi/regional-dussehra-traditions-across-india/footer.fragment
festivals/vijaya-dashmi/regional-dussehra-traditions-across-india/dussehra-in-hyderabad-bathukamma-connections-and-local-celebrations.html,festivals/vijaya-dashmi/regional-dussehra-traditions-across-india/dussehra-in-hyderabad-bathukamma-connections-and-local-celebrations.html,no,merged,/Users/prashantdhingra/e/a3_output/indiacities.net/output/content/festivals/vijaya-dashmi/regional-dussehra-traditions-across-india/footer.fragment
festivals/vijaya-dashmi/regional-dussehra-traditions-across-india/dussehra-in-goa-shakti-and-local-temple-traditions.html,festivals/vijaya-dashmi/regional-dussehra-traditions-across-india/dussehra-in-goa-shakti-and-local-temple-traditions.html,no,merged,/Users/prashantdhingra/e/a3_output/indiacities.net/output/content/festivals/vijaya-dashmi/regional-dussehra-traditions-across-india/footer.fragment
festivals/vijaya-dashmi/regional-dussehra-traditions-across-india/dussehra-in-varanasi-ramnagar-ramlila-and-local-traditions.html,festivals/vijaya-dashmi/regional-dussehra-traditions-across-india/dussehra-in-varanasi-ramnagar-ramlila-and-local-traditions.html,no,merged,/Users/prashantdhingra/e/a3_output/indiacities.net/output/content/festivals/vijaya-dashmi/regional-dussehra-traditions-across-india/footer.fragment
festivals/vijaya-dashmi/regional-dussehra-traditions-across-india/dussehra-in-delhi-ramlila-effigy-burning-and-community-celebrations.html,festivals/vijaya-dashmi/regional-dussehra-traditions-across-india/dussehra-in-delhi-ramlila-effigy-burning-and-community-celebrations.html,no,merged,/Users/prashantdhingra/e/a3_output/indiacities.net/output/content/festivals/vijaya-dashmi/regional-dussehra-traditions-across-india/footer.fragment
festivals/vijaya-dashmi/regional-dussehra-traditions-across-india/dussehra-in-pune-simollanghan-and-maharashtrian-customs.html,festivals/vijaya-dashmi/regional-dussehra-traditions-across-india/dussehra-in-pune-simollanghan-and-maharashtrian-customs.html,no,merged,/Users/prashantdhingra/e/a3_output/indiacities.net/output/content/festivals/vijaya-dashmi/regional-dussehra-traditions-across-india/footer.fragment
festivals/vijaya-dashmi/regional-dussehra-traditions-across-india/dussehra-in-lucknow-ramlila-and-awadhi-traditions.html,festivals/vijaya-dashmi/regional-dussehra-traditions-across-india/dussehra-in-lucknow-ramlila-and-awadhi-traditions.html,no,merged,/Users/prashantdhingra/e/a3_output/indiacities.net/output/content/festivals/vijaya-dashmi/regional-dussehra-traditions-across-india/footer.fragment
festivals/vijaya-dashmi/regional-dussehra-traditions-across-india/dussehra-in-nagpur-shami-puja-and-regional-traditions.html,festivals/vijaya-dashmi/regional-dussehra-traditions-across-india/dussehra-in-nagpur-shami-puja-and-regional-traditions.html,no,merged,/Users/prashantdhingra/e/a3_output/indiacities.net/output/content/festivals/vijaya-dashmi/regional-dussehra-traditions-across-india/footer.fragment
festivals/vijaya-dashmi/ultra-long-tail-seo-faqs-comparisons-and-micro-topics/is-dussehra-the-same-day-as-vijayadashami.html,festivals/vijaya-dashmi/ultra-long-tail-seo-faqs-comparisons-and-micro-topics/is-dussehra-the-same-day-as-vijayadashami.html,no,merged,/Users/prashantdhingra/e/a3_output/indiacities.net/output/content/festivals/vijaya-dashmi/ultra-long-tail-seo-faqs-comparisons-and-micro-topics/footer.fragment
festivals/vijaya-dashmi/ultra-long-tail-seo-faqs-comparisons-and-micro-topics/what-should-you-offer-during-dussehra-puja.html,festivals/vijaya-dashmi/ultra-long-tail-seo-faqs-comparisons-and-micro-topics/what-should-you-offer-during-dussehra-puja.html,no,merged,/Users/prashantdhingra/e/a3_output/indiacities.net/output/content/festivals/vijaya-dashmi/ultra-long-tail-seo-faqs-comparisons-and-micro-topics/footer.fragment
festivals/vijaya-dashmi/ultra-long-tail-seo-faqs-comparisons-and-micro-topics/what-should-you-wear-on-dussehra.html,festivals/vijaya-dashmi/ultra-long-tail-seo-faqs-comparisons-and-micro-topics/what-should-you-wear-on-dussehra.html,no,merged,/Users/prashantdhingra/e/a3_output/indiacities.net/output/content/festivals/vijaya-dashmi/ultra-long-tail-seo-faqs-comparisons-and-micro-topics/footer.fragment
festivals/vijaya-dashmi/ultra-long-tail-seo-faqs-comparisons-and-micro-topics/index.html,festivals/vijaya-dashmi/ultra-long-tail-seo-faqs-comparisons-and-micro-topics/index.html,no,merged,/Users/prashantdhingra/e/a3_output/indiacities.net/output/content/festivals/vijaya-dashmi/ultra-long-tail-seo-faqs-comparisons-and-micro-topics/footer.fragment
festivals/vijaya-dashmi/ultra-long-tail-seo-faqs-comparisons-and-micro-topics/why-is-ravana-burned-on-dussehra.html,festivals/vijaya-dashmi/ultra-long-tail-seo-faqs-comparisons-and-micro-topics/why-is-ravana-burned-on-dussehra.html,no,merged,/Users/prashantdhingra/e/a3_output/indiacities.net/output/content/festivals/vijaya-dashmi/ultra-long-tail-seo-faqs-comparisons-and-micro-topics/footer.fragment
festivals/vijaya-dashmi/ultra-long-tail-seo-faqs-comparisons-and-micro-topics/why-is-vidyarambham-performed-on-vijayadashami.html,festivals/vijaya-dashmi/ultra-long-tail-seo-faqs-comparisons-and-micro-topics/why-is-vidyarambham-performed-on-vijayadashami.html,no,merged,/Users/prashantdhingra/e/a3_output/indiacities.net/output/content/festivals/vijaya-dashmi/ultra-long-tail-seo-faqs-comparisons-and-micro-topics/footer.fragment
festivals/vijaya-dashmi/ultra-long-tail-seo-faqs-comparisons-and-micro-topics/what-is-simollanghan-and-why-is-it-done.html,festivals/vijaya-dashmi/ultra-long-tail-seo-faqs-comparisons-and-micro-topics/what-is-simollanghan-and-why-is-it-done.html,no,merged,/Users/prashantdhingra/e/a3_output/indiacities.net/output/content/festivals/vijaya-dashmi/ultra-long-tail-seo-faqs-comparisons-and-micro-topics/footer.fragment
festivals/vijaya-dashmi/ultra-long-tail-seo-faqs-comparisons-and-micro-topics/dussehra-glossary-50-terms-characters-rituals-and-traditions-explained.html,festivals/vijaya-dashmi/ultra-long-tail-seo-faqs-comparisons-and-micro-topics/dussehra-glossary-50-terms-characters-rituals-and-traditions-explained.html,no,merged,/Users/prashantdhingra/e/a3_output/indiacities.net/output/content/festivals/vijaya-dashmi/ultra-long-tail-seo-faqs-comparisons-and-micro-topics/footer.fragment
festivals/vijaya-dashmi/ultra-long-tail-seo-faqs-comparisons-and-micro-topics/dussehra-at-home-vs-community-celebration-ideas-and-planning.html,festivals/vijaya-dashmi/ultra-long-tail-seo-faqs-comparisons-and-micro-topics/dussehra-at-home-vs-community-celebration-ideas-and-planning.html,no,merged,/Users/prashantdhingra/e/a3_output/indiacities.net/output/content/festivals/vijaya-dashmi/ultra-long-tail-seo-faqs-comparisons-and-micro-topics/footer.fragment
festivals/vijaya-dashmi/ultra-long-tail-seo-faqs-comparisons-and-micro-topics/why-are-kumbhakarna-and-meghnad-effigies-burned-with-ravana.html,festivals/vijaya-dashmi/ultra-long-tail-seo-faqs-comparisons-and-micro-topics/why-are-kumbhakarna-and-meghnad-effigies-burned-with-ravana.html,no,merged,/Users/prashantdhingra/e/a3_output/indiacities.net/output/content/festivals/vijaya-dashmi/ultra-long-tail-seo-faqs-comparisons-and-micro-topics/footer.fragment
festivals/vijaya-dashmi/ultra-long-tail-seo-faqs-comparisons-and-micro-topics/can-dussehra-be-celebrated-without-ravana-dahan.html,festivals/vijaya-dashmi/ultra-long-tail-seo-faqs-comparisons-and-micro-topics/can-dussehra-be-celebrated-without-ravana-dahan.html,no,merged,/Users/prashantdhingra/e/a3_output/indiacities.net/output/content/festivals/vijaya-dashmi/ultra-long-tail-seo-faqs-comparisons-and-micro-topics/footer.fragment
festivals/vijaya-dashmi/ultra-long-tail-seo-faqs-comparisons-and-micro-topics/which-color-is-considered-auspicious-on-vijayadashami.html,festivals/vijaya-dashmi/ultra-long-tail-seo-faqs-comparisons-and-micro-topics/which-color-is-considered-auspicious-on-vijayadashami.html,no,merged,/Users/prashantdhingra/e/a3_output/indiacities.net/output/content/festivals/vijaya-dashmi/ultra-long-tail-seo-faqs-comparisons-and-micro-topics/footer.fragment
festivals/vijaya-dashmi/ultra-long-tail-seo-faqs-comparisons-and-micro-topics/why-are-apta-leaves-exchanged-on-dussehra.html,festivals/vijaya-dashmi/ultra-long-tail-seo-faqs-comparisons-and-micro-topics/why-are-apta-leaves-exchanged-on-dussehra.html,no,merged,/Users/prashantdhingra/e/a3_output/indiacities.net/output/content/festivals/vijaya-dashmi/ultra-long-tail-seo-faqs-comparisons-and-micro-topics/footer.fragment
festivals/vijaya-dashmi/ultra-long-tail-seo-faqs-comparisons-and-micro-topics/why-do-people-buy-vehicles-on-vijayadashami.html,festivals/vijaya-dashmi/ultra-long-tail-seo-faqs-comparisons-and-micro-topics/why-do-people-buy-vehicles-on-vijayadashami.html,no,merged,/Users/prashantdhingra/e/a3_output/indiacities.net/output/content/festivals/vijaya-dashmi/ultra-long-tail-seo-faqs-comparisons-and-micro-topics/footer.fragment
festivals/vijaya-dashmi/ultra-long-tail-seo-faqs-comparisons-and-micro-topics/dussehra-vs-diwali-which-comes-first-and-how-are-they-connected.html,festivals/vijaya-dashmi/ultra-long-tail-seo-faqs-comparisons-and-micro-topics/dussehra-vs-diwali-which-comes-first-and-how-are-they-connected.html,no,merged,/Users/prashantdhingra/e/a3_output/indiacities.net/output/content/festivals/vijaya-dashmi/ultra-long-tail-seo-faqs-comparisons-and-micro-topics/footer.fragment
festivals/vijaya-dashmi/ultra-long-tail-seo-faqs-comparisons-and-micro-topics/can-you-start-a-new-business-on-dussehra.html,festivals/vijaya-dashmi/ultra-long-tail-seo-faqs-comparisons-and-micro-topics/can-you-start-a-new-business-on-dussehra.html,no,merged,/Users/prashantdhingra/e/a3_output/indiacities.net/output/content/festivals/vijaya-dashmi/ultra-long-tail-seo-faqs-comparisons-and-micro-topics/footer.fragment
festivals/vijaya-dashmi/ultra-long-tail-seo-faqs-comparisons-and-micro-topics/why-does-ravana-have-ten-heads.html,festivals/vijaya-dashmi/ultra-long-tail-seo-faqs-comparisons-and-micro-topics/why-does-ravana-have-ten-heads.html,no,merged,/Users/prashantdhingra/e/a3_output/indiacities.net/output/content/festivals/vijaya-dashmi/ultra-long-tail-seo-faqs-comparisons-and-micro-topics/footer.fragment
festivals/vijaya-dashmi/ultra-long-tail-seo-faqs-comparisons-and-micro-topics/what-time-is-ravana-dahan-usually-performed.html,festivals/vijaya-dashmi/ultra-long-tail-seo-faqs-comparisons-and-micro-topics/what-time-is-ravana-dahan-usually-performed.html,no,merged,/Users/prashantdhingra/e/a3_output/indiacities.net/output/content/festivals/vijaya-dashmi/ultra-long-tail-seo-faqs-comparisons-and-micro-topics/footer.fragment
festivals/vijaya-dashmi/ultra-long-tail-seo-faqs-comparisons-and-micro-topics/100-dussehra-questions-and-answers-complete-festival-faq.html,festivals/vijaya-dashmi/ultra-long-tail-seo-faqs-comparisons-and-micro-topics/100-dussehra-questions-and-answers-complete-festival-faq.html,no,merged,/Users/prashantdhingra/e/a3_output/indiacities.net/output/content/festivals/vijaya-dashmi/ultra-long-tail-seo-faqs-comparisons-and-micro-topics/footer.fragment
festivals/vijaya-dashmi/ultra-long-tail-seo-faqs-comparisons-and-micro-topics/why-are-books-and-instruments-worshipped-on-vijayadashami.html,festivals/vijaya-dashmi/ultra-long-tail-seo-faqs-comparisons-and-micro-topics/why-are-books-and-instruments-worshipped-on-vijayadashami.html,no,merged,/Users/prashantdhingra/e/a3_output/indiacities.net/output/content/festivals/vijaya-dashmi/ultra-long-tail-seo-faqs-comparisons-and-micro-topics/footer.fragment
festivals/vijaya-dashmi/ultra-long-tail-seo-faqs-comparisons-and-micro-topics/dussehra-vs-navratri-dates-rituals-and-meaning.html,festivals/vijaya-dashmi/ultra-long-tail-seo-faqs-comparisons-and-micro-topics/dussehra-vs-navratri-dates-rituals-and-meaning.html,no,merged,/Users/prashantdhingra/e/a3_output/indiacities.net/output/content/festivals/vijaya-dashmi/ultra-long-tail-seo-faqs-comparisons-and-micro-topics/footer.fragment
festivals/vijaya-dashmi/durga-vijayadashami-and-shakti-traditions/index.html,festivals/vijaya-dashmi/durga-vijayadashami-and-shakti-traditions/index.html,no,merged,/Users/prashantdhingra/e/a3_output/indiacities.net/output/content/festivals/vijaya-dashmi/durga-vijayadashami-and-shakti-traditions/footer.fragment
festivals/vijaya-dashmi/durga-vijayadashami-and-shakti-traditions/dussehra-and-durga-puja-similarities-and-differences.html,festivals/vijaya-dashmi/durga-vijayadashami-and-shakti-traditions/dussehra-and-durga-puja-similarities-and-differences.html,no,merged,/Users/prashantdhingra/e/a3_output/indiacities.net/output/content/festivals/vijaya-dashmi/durga-vijayadashami-and-shakti-traditions/footer.fragment
festivals/vijaya-dashmi/durga-vijayadashami-and-shakti-traditions/vijayadashami-traditions-in-assam.html,festivals/vijaya-dashmi/durga-vijayadashami-and-shakti-traditions/vijayadashami-traditions-in-assam.html,no,merged,/Users/prashantdhingra/e/a3_output/indiacities.net/output/content/festivals/vijaya-dashmi/durga-vijayadashami-and-shakti-traditions/footer.fragment
festivals/vijaya-dashmi/durga-vijayadashami-and-shakti-traditions/how-families-celebrate-bijoya-dashami-at-home.html,festivals/vijaya-dashmi/durga-vijayadashami-and-shakti-traditions/how-families-celebrate-bijoya-dashami-at-home.html,no,merged,/Users/prashantdhingra/e/a3_output/indiacities.net/output/content/festivals/vijaya-dashmi/durga-vijayadashami-and-shakti-traditions/footer.fragment
festivals/vijaya-dashmi/durga-vijayadashami-and-shakti-traditions/durga-puja-visarjan-and-vijayadashami-what-happens-on-the-final-day.html,festivals/vijaya-dashmi/durga-vijayadashami-and-shakti-traditions/durga-puja-visarjan-and-vijayadashami-what-happens-on-the-final-day.html,no,merged,/Users/prashantdhingra/e/a3_output/indiacities.net/output/content/festivals/vijaya-dashmi/durga-vijayadashami-and-shakti-traditions/footer.fragment
festivals/vijaya-dashmi/durga-vijayadashami-and-shakti-traditions/vijayadashami-traditions-in-west-bengal.html,festivals/vijaya-dashmi/durga-vijayadashami-and-shakti-traditions/vijayadashami-traditions-in-west-bengal.html,no,merged,/Users/prashantdhingra/e/a3_output/indiacities.net/output/content/festivals/vijaya-dashmi/durga-vijayadashami-and-shakti-traditions/footer.fragment
festivals/vijaya-dashmi/durga-vijayadashami-and-shakti-traditions/why-vijayadashami-marks-the-end-of-durga-puja.html,festivals/vijaya-dashmi/durga-vijayadashami-and-shakti-traditions/why-vijayadashami-marks-the-end-of-durga-puja.html,no,merged,/Users/prashantdhingra/e/a3_output/indiacities.net/output/content/festivals/vijaya-dashmi/durga-vijayadashami-and-shakti-traditions/footer.fragment
festivals/vijaya-dashmi/durga-vijayadashami-and-shakti-traditions/vijayadashami-and-goddess-durga-story-meaning-and-traditions.html,festivals/vijaya-dashmi/durga-vijayadashami-and-shakti-traditions/vijayadashami-and-goddess-durga-story-meaning-and-traditions.html,no,merged,/Users/prashantdhingra/e/a3_output/indiacities.net/output/content/festivals/vijaya-dashmi/durga-vijayadashami-and-shakti-traditions/footer.fragment
festivals/vijaya-dashmi/durga-vijayadashami-and-shakti-traditions/navratri-to-vijayadashami-how-the-ten-day-festival-cycle-works.html,festivals/vijaya-dashmi/durga-vijayadashami-and-shakti-traditions/navratri-to-vijayadashami-how-the-ten-day-festival-cycle-works.html,no,merged,/Users/prashantdhingra/e/a3_output/indiacities.net/output/content/festivals/vijaya-dashmi/durga-vijayadashami-and-shakti-traditions/footer.fragment
festivals/vijaya-dashmi/durga-vijayadashami-and-shakti-traditions/why-people-visit-friends-and-family-on-bijoya-dashami.html,festivals/vijaya-dashmi/durga-vijayadashami-and-shakti-traditions/why-people-visit-friends-and-family-on-bijoya-dashami.html,no,merged,/Users/prashantdhingra/e/a3_output/indiacities.net/output/content/festivals/vijaya-dashmi/durga-vijayadashami-and-shakti-traditions/footer.fragment
festivals/vijaya-dashmi/durga-vijayadashami-and-shakti-traditions/sindoor-khela-on-vijayadashami-meaning-and-tradition.html,festivals/vijaya-dashmi/durga-vijayadashami-and-shakti-traditions/sindoor-khela-on-vijayadashami-meaning-and-tradition.html,no,merged,/Users/prashantdhingra/e/a3_output/indiacities.net/output/content/festivals/vijaya-dashmi/durga-vijayadashami-and-shakti-traditions/footer.fragment
festivals/vijaya-dashmi/durga-vijayadashami-and-shakti-traditions/bijoya-dashami-bengali-traditions-greetings-and-customs.html,festivals/vijaya-dashmi/durga-vijayadashami-and-shakti-traditions/bijoya-dashami-bengali-traditions-greetings-and-customs.html,no,merged,/Users/prashantdhingra/e/a3_output/indiacities.net/output/content/festivals/vijaya-dashmi/durga-vijayadashami-and-shakti-traditions/footer.fragment
festivals/vijaya-dashmi/durga-vijayadashami-and-shakti-traditions/the-spiritual-meaning-of-durgas-return-on-vijayadashami.html,festivals/vijaya-dashmi/durga-vijayadashami-and-shakti-traditions/the-spiritual-meaning-of-durgas-return-on-vijayadashami.html,no,merged,/Users/prashantdhingra/e/a3_output/indiacities.net/output/content/festivals/vijaya-dashmi/durga-vijayadashami-and-shakti-traditions/footer.fragment
festivals/vijaya-dashmi/durga-vijayadashami-and-shakti-traditions/mahishasura-mardini-the-story-behind-durgas-victory.html,festivals/vijaya-dashmi/durga-vijayadashami-and-shakti-traditions/mahishasura-mardini-the-story-behind-durgas-victory.html,no,merged,/Users/prashantdhingra/e/a3_output/indiacities.net/output/content/festivals/vijaya-dashmi/durga-vijayadashami-and-shakti-traditions/footer.fragment
festivals/vijaya-dashmi/durga-vijayadashami-and-shakti-traditions/vijayadashami-traditions-in-odisha.html,festivals/vijaya-dashmi/durga-vijayadashami-and-shakti-traditions/vijayadashami-traditions-in-odisha.html,no,merged,/Users/prashantdhingra/e/a3_output/indiacities.net/output/content/festivals/vijaya-dashmi/durga-vijayadashami-and-shakti-traditions/footer.fragment
festivals/vijaya-dashmi/durga-vijayadashami-and-shakti-traditions/traditional-foods-served-on-bijoya-dashami.html,festivals/vijaya-dashmi/durga-vijayadashami-and-shakti-traditions/traditional-foods-served-on-bijoya-dashami.html,no,merged,/Users/prashantdhingra/e/a3_output/indiacities.net/output/content/festivals/vijaya-dashmi/durga-vijayadashami-and-shakti-traditions/footer.fragment
festivals/vijaya-dashmi/durga-vijayadashami-and-shakti-traditions/vijayadashami-blessings-and-respect-for-elders.html,festivals/vijaya-dashmi/durga-vijayadashami-and-shakti-traditions/vijayadashami-blessings-and-respect-for-elders.html,no,merged,/Users/prashantdhingra/e/a3_output/indiacities.net/output/content/festivals/vijaya-dashmi/durga-vijayadashami-and-shakti-traditions/footer.fragment
festivals/vijaya-dashmi/durga-vijayadashami-and-shakti-traditions/durga-puja-pandals-to-visarjan-the-journey-to-vijayadashami.html,festivals/vijaya-dashmi/durga-vijayadashami-and-shakti-traditions/durga-puja-pandals-to-visarjan-the-journey-to-vijayadashami.html,no,merged,/Users/prashantdhingra/e/a3_output/indiacities.net/output/content/festivals/vijaya-dashmi/durga-vijayadashami-and-shakti-traditions/footer.fragment
festivals/vijaya-dashmi/durga-vijayadashami-and-shakti-traditions/vijayadashami-traditions-in-tripura.html,festivals/vijaya-dashmi/durga-vijayadashami-and-shakti-traditions/vijayadashami-traditions-in-tripura.html,no,merged,/Users/prashantdhingra/e/a3_output/indiacities.net/output/content/festivals/vijaya-dashmi/durga-vijayadashami-and-shakti-traditions/footer.fragment
festivals/vijaya-dashmi/durga-vijayadashami-and-shakti-traditions/why-durga-is-seen-as-a-symbol-of-shakti-on-vijayadashami.html,festivals/vijaya-dashmi/durga-vijayadashami-and-shakti-traditions/why-durga-is-seen-as-a-symbol-of-shakti-on-vijayadashami.html,no,merged,/Users/prashantdhingra/e/a3_output/indiacities.net/output/content/festivals/vijaya-dashmi/durga-vijayadashami-and-shakti-traditions/footer.fragment
festivals/vijaya-dashmi/durga-vijayadashami-and-shakti-traditions/vijayadashami-for-beginners-a-guide-to-bengali-and-shakti-traditions.html,festivals/vijaya-dashmi/durga-vijayadashami-and-shakti-traditions/vijayadashami-for-beginners-a-guide-to-bengali-and-shakti-traditions.html,no,merged,/Users/prashantdhingra/e/a3_output/indiacities.net/output/content/festivals/vijaya-dashmi/durga-vijayadashami-and-shakti-traditions/footer.fragment
festivals/vijaya-dashmi/food-sweets-fasting-and-festive-recipes/dussehra-prasad-ideas-for-home-puja.html,festivals/vijaya-dashmi/food-sweets-fasting-and-festive-recipes/dussehra-prasad-ideas-for-home-puja.html,no,merged,/Users/prashantdhingra/e/a3_output/indiacities.net/output/content/festivals/vijaya-dashmi/food-sweets-fasting-and-festive-recipes/footer.fragment
festivals/vijaya-dashmi/food-sweets-fasting-and-festive-recipes/regional-dussehra-foods-from-north-south-east-and-west-india.html,festivals/vijaya-dashmi/food-sweets-fasting-and-festive-recipes/regional-dussehra-foods-from-north-south-east-and-west-india.html,no,merged,/Users/prashantdhingra/e/a3_output/indiacities.net/output/content/festivals/vijaya-dashmi/food-sweets-fasting-and-festive-recipes/footer.fragment
festivals/vijaya-dashmi/food-sweets-fasting-and-festive-recipes/traditional-dussehra-foods-across-india.html,festivals/vijaya-dashmi/food-sweets-fasting-and-festive-recipes/traditional-dussehra-foods-across-india.html,no,merged,/Users/prashantdhingra/e/a3_output/indiacities.net/output/content/festivals/vijaya-dashmi/food-sweets-fasting-and-festive-recipes/footer.fragment
festivals/vijaya-dashmi/food-sweets-fasting-and-festive-recipes/index.html,festivals/vijaya-dashmi/food-sweets-fasting-and-festive-recipes/index.html,no,merged,/Users/prashantdhingra/e/a3_output/indiacities.net/output/content/festivals/vijaya-dashmi/food-sweets-fasting-and-festive-recipes/footer.fragment
festivals/vijaya-dashmi/food-sweets-fasting-and-festive-recipes/jalebi-and-dussehra-why-this-sweet-is-popular-during-the-festival.html,festivals/vijaya-dashmi/food-sweets-fasting-and-festive-recipes/jalebi-and-dussehra-why-this-sweet-is-popular-during-the-festival.html,no,merged,/Users/prashantdhingra/e/a3_output/indiacities.net/output/content/festivals/vijaya-dashmi/food-sweets-fasting-and-festive-recipes/footer.fragment
festivals/vijaya-dashmi/food-sweets-fasting-and-festive-recipes/dussehra-potluck-menu-ideas.html,festivals/vijaya-dashmi/food-sweets-fasting-and-festive-recipes/dussehra-potluck-menu-ideas.html,no,merged,/Users/prashantdhingra/e/a3_output/indiacities.net/output/content/festivals/vijaya-dashmi/food-sweets-fasting-and-festive-recipes/footer.fragment
festivals/vijaya-dashmi/food-sweets-fasting-and-festive-recipes/vegetarian-dussehra-dinner-menu-ideas.html,festivals/vijaya-dashmi/food-sweets-fasting-and-festive-recipes/vegetarian-dussehra-dinner-menu-ideas.html,no,merged,/Users/prashantdhingra/e/a3_output/indiacities.net/output/content/festivals/vijaya-dashmi/food-sweets-fasting-and-festive-recipes/footer.fragment
festivals/vijaya-dashmi/food-sweets-fasting-and-festive-recipes/healthy-dussehra-snack-and-sweet-ideas.html,festivals/vijaya-dashmi/food-sweets-fasting-and-festive-recipes/healthy-dussehra-snack-and-sweet-ideas.html,no,merged,/Users/prashantdhingra/e/a3_output/indiacities.net/output/content/festivals/vijaya-dashmi/food-sweets-fasting-and-festive-recipes/footer.fragment
festivals/vijaya-dashmi/food-sweets-fasting-and-festive-recipes/easy-dussehra-sweets-you-can-make-at-home.html,festivals/vijaya-dashmi/food-sweets-fasting-and-festive-recipes/easy-dussehra-sweets-you-can-make-at-home.html,no,merged,/Users/prashantdhingra/e/a3_output/indiacities.net/output/content/festivals/vijaya-dashmi/food-sweets-fasting-and-festive-recipes/footer.fragment
festivals/vijaya-dashmi/food-sweets-fasting-and-festive-recipes/dussehra-recipes-for-a-large-family-gathering.html,festivals/vijaya-dashmi/food-sweets-fasting-and-festive-recipes/dussehra-recipes-for-a-large-family-gathering.html,no,merged,/Users/prashantdhingra/e/a3_output/indiacities.net/output/content/festivals/vijaya-dashmi/food-sweets-fasting-and-festive-recipes/footer.fragment
festivals/vijaya-dashmi/food-sweets-fasting-and-festive-recipes/festive-rice-dishes-for-dussehra.html,festivals/vijaya-dashmi/food-sweets-fasting-and-festive-recipes/festive-rice-dishes-for-dussehra.html,no,merged,/Users/prashantdhingra/e/a3_output/indiacities.net/output/content/festivals/vijaya-dashmi/food-sweets-fasting-and-festive-recipes/footer.fragment
festivals/vijaya-dashmi/food-sweets-fasting-and-festive-recipes/payasam-recipes-for-vijayadashami.html,festivals/vijaya-dashmi/food-sweets-fasting-and-festive-recipes/payasam-recipes-for-vijayadashami.html,no,merged,/Users/prashantdhingra/e/a3_output/indiacities.net/output/content/festivals/vijaya-dashmi/food-sweets-fasting-and-festive-recipes/footer.fragment
festivals/vijaya-dashmi/food-sweets-fasting-and-festive-recipes/20-traditional-and-modern-dussehra-recipes-for-a-festive-meal.html,festivals/vijaya-dashmi/food-sweets-fasting-and-festive-recipes/20-traditional-and-modern-dussehra-recipes-for-a-festive-meal.html,no,merged,/Users/prashantdhingra/e/a3_output/indiacities.net/output/content/festivals/vijaya-dashmi/food-sweets-fasting-and-festive-recipes/footer.fragment
festivals/vijaya-dashmi/food-sweets-fasting-and-festive-recipes/kheer-recipes-for-dussehra-and-vijayadashami.html,festivals/vijaya-dashmi/food-sweets-fasting-and-festive-recipes/kheer-recipes-for-dussehra-and-vijayadashami.html,no,merged,/Users/prashantdhingra/e/a3_output/indiacities.net/output/content/festivals/vijaya-dashmi/food-sweets-fasting-and-festive-recipes/footer.fragment
festivals/vijaya-dashmi/food-sweets-fasting-and-festive-recipes/navratri-fasting-to-dussehra-feast-how-the-food-traditions-change.html,festivals/vijaya-dashmi/food-sweets-fasting-and-festive-recipes/navratri-fasting-to-dussehra-feast-how-the-food-traditions-change.html,no,merged,/Users/prashantdhingra/e/a3_output/indiacities.net/output/content/festivals/vijaya-dashmi/food-sweets-fasting-and-festive-recipes/footer.fragment
festivals/vijaya-dashmi/food-sweets-fasting-and-festive-recipes/sundal-recipes-for-navratri-and-vijayadashami.html,festivals/vijaya-dashmi/food-sweets-fasting-and-festive-recipes/sundal-recipes-for-navratri-and-vijayadashami.html,no,merged,/Users/prashantdhingra/e/a3_output/indiacities.net/output/content/festivals/vijaya-dashmi/food-sweets-fasting-and-festive-recipes/footer.fragment
festivals/vijaya-dashmi/food-sweets-fasting-and-festive-recipes/dussehra-sweets-popular-mithai-and-festive-desserts.html,festivals/vijaya-dashmi/food-sweets-fasting-and-festive-recipes/dussehra-sweets-popular-mithai-and-festive-desserts.html,no,merged,/Users/prashantdhingra/e/a3_output/indiacities.net/output/content/festivals/vijaya-dashmi/food-sweets-fasting-and-festive-recipes/footer.fragment
festivals/vijaya-dashmi/food-sweets-fasting-and-festive-recipes/shrikhand-and-puri-for-dussehra-traditional-meal-ideas.html,festivals/vijaya-dashmi/food-sweets-fasting-and-festive-recipes/shrikhand-and-puri-for-dussehra-traditional-meal-ideas.html,no,merged,/Users/prashantdhingra/e/a3_output/indiacities.net/output/content/festivals/vijaya-dashmi/food-sweets-fasting-and-festive-recipes/footer.fragment
festivals/vijaya-dashmi/food-sweets-fasting-and-festive-recipes/fafda-jalebi-for-dussehra-gujarati-tradition-and-recipe-guide.html,festivals/vijaya-dashmi/food-sweets-fasting-and-festive-recipes/fafda-jalebi-for-dussehra-gujarati-tradition-and-recipe-guide.html,no,merged,/Users/prashantdhingra/e/a3_output/indiacities.net/output/content/festivals/vijaya-dashmi/food-sweets-fasting-and-festive-recipes/footer.fragment
festivals/vijaya-dashmi/food-sweets-fasting-and-festive-recipes/dussehra-snack-ideas-for-guests.html,festivals/vijaya-dashmi/food-sweets-fasting-and-festive-recipes/dussehra-snack-ideas-for-guests.html,no,merged,/Users/prashantdhingra/e/a3_output/indiacities.net/output/content/festivals/vijaya-dashmi/food-sweets-fasting-and-festive-recipes/footer.fragment
festivals/vijaya-dashmi/food-sweets-fasting-and-festive-recipes/puran-poli-for-dussehra-maharashtrian-festive-recipe.html,festivals/vijaya-dashmi/food-sweets-fasting-and-festive-recipes/puran-poli-for-dussehra-maharashtrian-festive-recipe.html,no,merged,/Users/prashantdhingra/e/a3_output/indiacities.net/output/content/festivals/vijaya-dashmi/food-sweets-fasting-and-festive-recipes/footer.fragment
festivals/vijaya-dashmi/foundation-history-meaning-and-core-traditions/dussehra-vs-vijayadashami-are-they-the-same-festival.html,festivals/vijaya-dashmi/foundation-history-meaning-and-core-traditions/dussehra-vs-vijayadashami-are-they-the-same-festival.html,no,merged,/Users/prashantdhingra/e/a3_output/indiacities.net/output/content/festivals/vijaya-dashmi/foundation-history-meaning-and-core-traditions/footer.fragment
festivals/vijaya-dashmi/foundation-history-meaning-and-core-traditions/what-to-do-on-dussehra-day-complete-celebration-checklist.html,festivals/vijaya-dashmi/foundation-history-meaning-and-core-traditions/what-to-do-on-dussehra-day-complete-celebration-checklist.html,no,merged,/Users/prashantdhingra/e/a3_output/indiacities.net/output/content/festivals/vijaya-dashmi/foundation-history-meaning-and-core-traditions/footer.fragment
festivals/vijaya-dashmi/foundation-history-meaning-and-core-traditions/index.html,festivals/vijaya-dashmi/foundation-history-meaning-and-core-traditions/index.html,no,merged,/Users/prashantdhingra/e/a3_output/indiacities.net/output/content/festivals/vijaya-dashmi/foundation-history-meaning-and-core-traditions/footer.fragment
festivals/vijaya-dashmi/foundation-history-meaning-and-core-traditions/how-dussehra-is-celebrated-across-india.html,festivals/vijaya-dashmi/foundation-history-meaning-and-core-traditions/how-dussehra-is-celebrated-across-india.html,no,merged,/Users/prashantdhingra/e/a3_output/indiacities.net/output/content/festivals/vijaya-dashmi/foundation-history-meaning-and-core-traditions/footer.fragment
festivals/vijaya-dashmi/foundation-history-meaning-and-core-traditions/dussehra-festival-complete-guide-to-history-meaning-traditions-and-celebration.html,festivals/vijaya-dashmi/foundation-history-meaning-and-core-traditions/dussehra-festival-complete-guide-to-history-meaning-traditions-and-celebration.html,no,merged,/Users/prashantdhingra/e/a3_output/indiacities.net/output/content/festivals/vijaya-dashmi/foundation-history-meaning-and-core-traditions/footer.fragment
festivals/vijaya-dashmi/foundation-history-meaning-and-core-traditions/how-dussehra-has-changed-from-traditional-fairs-to-modern-celebrations.html,festivals/vijaya-dashmi/foundation-history-meaning-and-core-traditions/how-dussehra-has-changed-from-traditional-fairs-to-modern-celebrations.html,no,merged,/Users/prashantdhingra/e/a3_output/indiacities.net/output/content/festivals/vijaya-dashmi/foundation-history-meaning-and-core-traditions/footer.fragment
festivals/vijaya-dashmi/foundation-history-meaning-and-core-traditions/why-is-shami-or-apta-tree-worshipped-on-dussehra.html,festivals/vijaya-dashmi/foundation-history-meaning-and-core-traditions/why-is-shami-or-apta-tree-worshipped-on-dussehra.html,no,merged,/Users/prashantdhingra/e/a3_output/indiacities.net/output/content/festivals/vijaya-dashmi/foundation-history-meaning-and-core-traditions/footer.fragment
festivals/vijaya-dashmi/foundation-history-meaning-and-core-traditions/dussehra-myths-vs-facts.html,festivals/vijaya-dashmi/foundation-history-meaning-and-core-traditions/dussehra-myths-vs-facts.html,no,merged,/Users/prashantdhingra/e/a3_output/indiacities.net/output/content/festivals/vijaya-dashmi/foundation-history-meaning-and-core-traditions/footer.fragment
festivals/vijaya-dashmi/foundation-history-meaning-and-core-traditions/what-does-the-victory-of-good-over-evil-mean-on-dussehra.html,festivals/vijaya-dashmi/foundation-history-meaning-and-core-traditions/what-does-the-victory-of-good-over-evil-mean-on-dussehra.html,no,merged,/Users/prashantdhingra/e/a3_output/indiacities.net/output/content/festivals/vijaya-dashmi/foundation-history-meaning-and-core-traditions/footer.fragment
festivals/vijaya-dashmi/foundation-history-meaning-and-core-traditions/dussehra-traditions-ramlila-processions-puja-and-effigy-burning.html,festivals/vijaya-dashmi/foundation-history-meaning-and-core-traditions/dussehra-traditions-ramlila-processions-puja-and-effigy-burning.html,no,merged,/Users/prashantdhingra/e/a3_output/indiacities.net/output/content/festivals/vijaya-dashmi/foundation-history-meaning-and-core-traditions/footer.fragment
festivals/vijaya-dashmi/foundation-history-meaning-and-core-traditions/dussehra-for-beginners-everything-you-need-to-know.html,festivals/vijaya-dashmi/foundation-history-meaning-and-core-traditions/dussehra-for-beginners-everything-you-need-to-know.html,no,merged,/Users/prashantdhingra/e/a3_output/indiacities.net/output/content/festivals/vijaya-dashmi/foundation-history-meaning-and-core-traditions/footer.fragment
festivals/vijaya-dashmi/foundation-history-meaning-and-core-traditions/dussehra-puja-vidhi-simple-home-celebration-guide.html,festivals/vijaya-dashmi/foundation-history-meaning-and-core-traditions/dussehra-puja-vidhi-simple-home-celebration-guide.html,no,merged,/Users/prashantdhingra/e/a3_output/indiacities.net/output/content/festivals/vijaya-dashmi/foundation-history-meaning-and-core-traditions/footer.fragment
festivals/vijaya-dashmi/foundation-history-meaning-and-core-traditions/why-is-ravana-effigy-burning-part-of-dussehra.html,festivals/vijaya-dashmi/foundation-history-meaning-and-core-traditions/why-is-ravana-effigy-burning-part-of-dussehra.html,no,merged,/Users/prashantdhingra/e/a3_output/indiacities.net/output/content/festivals/vijaya-dashmi/foundation-history-meaning-and-core-traditions/footer.fragment
festivals/vijaya-dashmi/foundation-history-meaning-and-core-traditions/why-are-weapons-and-tools-worshipped-on-vijayadashami.html,festivals/vijaya-dashmi/foundation-history-meaning-and-core-traditions/why-are-weapons-and-tools-worshipped-on-vijayadashami.html,no,merged,/Users/prashantdhingra/e/a3_output/indiacities.net/output/content/festivals/vijaya-dashmi/foundation-history-meaning-and-core-traditions/footer.fragment
festivals/vijaya-dashmi/foundation-history-meaning-and-core-traditions/why-is-dussehra-celebrated-after-navratri.html,festivals/vijaya-dashmi/foundation-history-meaning-and-core-traditions/why-is-dussehra-celebrated-after-navratri.html,no,merged,/Users/prashantdhingra/e/a3_output/indiacities.net/output/content/festivals/vijaya-dashmi/foundation-history-meaning-and-core-traditions/footer.fragment
festivals/vijaya-dashmi/foundation-history-meaning-and-core-traditions/the-story-of-goddess-durga-and-mahishasura-on-vijayadashami.html,festivals/vijaya-dashmi/foundation-history-meaning-and-core-traditions/the-story-of-goddess-durga-and-mahishasura-on-vijayadashami.html,no,merged,/Users/prashantdhingra/e/a3_output/indiacities.net/output/content/festivals/vijaya-dashmi/foundation-history-meaning-and-core-traditions/footer.fragment
festivals/vijaya-dashmi/foundation-history-meaning-and-core-traditions/why-is-dussehra-celebrated-history-mythology-and-cultural-significance.html,festivals/vijaya-dashmi/foundation-history-meaning-and-core-traditions/why-is-dussehra-celebrated-history-mythology-and-cultural-significance.html,no,merged,/Users/prashantdhingra/e/a3_output/indiacities.net/output/content/festivals/vijaya-dashmi/foundation-history-meaning-and-core-traditions/footer.fragment
festivals/vijaya-dashmi/foundation-history-meaning-and-core-traditions/the-story-of-rama-and-ravana-behind-dussehra.html,festivals/vijaya-dashmi/foundation-history-meaning-and-core-traditions/the-story-of-rama-and-ravana-behind-dussehra.html,no,merged,/Users/prashantdhingra/e/a3_output/indiacities.net/output/content/festivals/vijaya-dashmi/foundation-history-meaning-and-core-traditions/footer.fragment
festivals/vijaya-dashmi/foundation-history-meaning-and-core-traditions/50-frequently-asked-questions-about-dussehra.html,festivals/vijaya-dashmi/foundation-history-meaning-and-core-traditions/50-frequently-asked-questions-about-dussehra.html,no,merged,/Users/prashantdhingra/e/a3_output/indiacities.net/output/content/festivals/vijaya-dashmi/foundation-history-meaning-and-core-traditions/footer.fragment
festivals/vijaya-dashmi/foundation-history-meaning-and-core-traditions/why-is-vijayadashami-considered-an-auspicious-day-for-new-beginnings.html,festivals/vijaya-dashmi/foundation-history-meaning-and-core-traditions/why-is-vijayadashami-considered-an-auspicious-day-for-new-beginnings.html,no,merged,/Users/prashantdhingra/e/a3_output/indiacities.net/output/content/festivals/vijaya-dashmi/foundation-history-meaning-and-core-traditions/footer.fragment
festivals/vijaya-dashmi/foundation-history-meaning-and-core-traditions/dussehra-symbols-and-their-meanings.html,festivals/vijaya-dashmi/foundation-history-meaning-and-core-traditions/dussehra-symbols-and-their-meanings.html,no,merged,/Users/prashantdhingra/e/a3_output/indiacities.net/output/content/festivals/vijaya-dashmi/foundation-history-meaning-and-core-traditions/footer.fragment
festivals/vijaya-dashmi/global-diaspora-and-cultural-comparisons/dussehra-in-vancouver-and-surrey.html,festivals/vijaya-dashmi/global-diaspora-and-cultural-comparisons/dussehra-in-vancouver-and-surrey.html,no,merged,/Users/prashantdhingra/e/a3_output/indiacities.net/output/content/festivals/vijaya-dashmi/global-diaspora-and-cultural-comparisons/footer.fragment
festivals/vijaya-dashmi/global-diaspora-and-cultural-comparisons/dussehra-vs-diwali-meaning-stories-and-traditions-compared.html,festivals/vijaya-dashmi/global-diaspora-and-cultural-comparisons/dussehra-vs-diwali-meaning-stories-and-traditions-compared.html,no,merged,/Users/prashantdhingra/e/a3_output/indiacities.net/output/content/festivals/vijaya-dashmi/global-diaspora-and-cultural-comparisons/footer.fragment
festivals/vijaya-dashmi/global-diaspora-and-cultural-comparisons/how-dussehra-helps-diaspora-families-teach-children-about-indian-traditions.html,festivals/vijaya-dashmi/global-diaspora-and-cultural-comparisons/how-dussehra-helps-diaspora-families-teach-children-about-indian-traditions.html,no,merged,/Users/prashantdhingra/e/a3_output/indiacities.net/output/content/festivals/vijaya-dashmi/global-diaspora-and-cultural-comparisons/footer.fragment
festivals/vijaya-dashmi/global-diaspora-and-cultural-comparisons/index.html,festivals/vijaya-dashmi/global-diaspora-and-cultural-comparisons/index.html,no,merged,/Users/prashantdhingra/e/a3_output/indiacities.net/output/content/festivals/vijaya-dashmi/global-diaspora-and-cultural-comparisons/footer.fragment
festivals/vijaya-dashmi/global-diaspora-and-cultural-comparisons/dussehra-in-new-jersey-temples-ramlila-and-community-events.html,festivals/vijaya-dashmi/global-diaspora-and-cultural-comparisons/dussehra-in-new-jersey-temples-ramlila-and-community-events.html,no,merged,/Users/prashantdhingra/e/a3_output/indiacities.net/output/content/festivals/vijaya-dashmi/global-diaspora-and-cultural-comparisons/footer.fragment
festivals/vijaya-dashmi/global-diaspora-and-cultural-comparisons/dussehra-in-california-community-celebrations-and-ramlila.html,festivals/vijaya-dashmi/global-diaspora-and-cultural-comparisons/dussehra-in-california-community-celebrations-and-ramlila.html,no,merged,/Users/prashantdhingra/e/a3_output/indiacities.net/output/content/festivals/vijaya-dashmi/global-diaspora-and-cultural-comparisons/footer.fragment
festivals/vijaya-dashmi/global-diaspora-and-cultural-comparisons/how-dussehra-is-celebrated-in-australia.html,festivals/vijaya-dashmi/global-diaspora-and-cultural-comparisons/how-dussehra-is-celebrated-in-australia.html,no,merged,/Users/prashantdhingra/e/a3_output/indiacities.net/output/content/festivals/vijaya-dashmi/global-diaspora-and-cultural-comparisons/footer.fragment
festivals/vijaya-dashmi/global-diaspora-and-cultural-comparisons/dussehra-in-london-ramlila-and-community-celebrations.html,festivals/vijaya-dashmi/global-diaspora-and-cultural-comparisons/dussehra-in-london-ramlila-and-community-celebrations.html,no,merged,/Users/prashantdhingra/e/a3_output/indiacities.net/output/content/festivals/vijaya-dashmi/global-diaspora-and-cultural-comparisons/footer.fragment
festivals/vijaya-dashmi/global-diaspora-and-cultural-comparisons/dussehra-in-toronto-and-the-gta.html,festivals/vijaya-dashmi/global-diaspora-and-cultural-comparisons/dussehra-in-toronto-and-the-gta.html,no,merged,/Users/prashantdhingra/e/a3_output/indiacities.net/output/content/festivals/vijaya-dashmi/global-diaspora-and-cultural-comparisons/footer.fragment
festivals/vijaya-dashmi/global-diaspora-and-cultural-comparisons/vijayadashami-vs-dasara-vs-dussehra-names-and-regional-usage.html,festivals/vijaya-dashmi/global-diaspora-and-cultural-comparisons/vijayadashami-vs-dasara-vs-dussehra-names-and-regional-usage.html,no,merged,/Users/prashantdhingra/e/a3_output/indiacities.net/output/content/festivals/vijaya-dashmi/global-diaspora-and-cultural-comparisons/footer.fragment
festivals/vijaya-dashmi/global-diaspora-and-cultural-comparisons/how-dussehra-is-celebrated-in-canada.html,festivals/vijaya-dashmi/global-diaspora-and-cultural-comparisons/how-dussehra-is-celebrated-in-canada.html,no,merged,/Users/prashantdhingra/e/a3_output/indiacities.net/output/content/festivals/vijaya-dashmi/global-diaspora-and-cultural-comparisons/footer.fragment
festivals/vijaya-dashmi/global-diaspora-and-cultural-comparisons/dussehra-vs-durga-puja-regional-traditions-compared.html,festivals/vijaya-dashmi/global-diaspora-and-cultural-comparisons/dussehra-vs-durga-puja-regional-traditions-compared.html,no,merged,/Users/prashantdhingra/e/a3_output/indiacities.net/output/content/festivals/vijaya-dashmi/global-diaspora-and-cultural-comparisons/footer.fragment
festivals/vijaya-dashmi/global-diaspora-and-cultural-comparisons/how-dussehra-is-celebrated-in-the-united-kingdom.html,festivals/vijaya-dashmi/global-diaspora-and-cultural-comparisons/how-dussehra-is-celebrated-in-the-united-kingdom.html,no,merged,/Users/prashantdhingra/e/a3_output/indiacities.net/output/content/festivals/vijaya-dashmi/global-diaspora-and-cultural-comparisons/footer.fragment
festivals/vijaya-dashmi/global-diaspora-and-cultural-comparisons/how-dussehra-is-celebrated-in-the-united-states.html,festivals/vijaya-dashmi/global-diaspora-and-cultural-comparisons/how-dussehra-is-celebrated-in-the-united-states.html,no,merged,/Users/prashantdhingra/e/a3_output/indiacities.net/output/content/festivals/vijaya-dashmi/global-diaspora-and-cultural-comparisons/footer.fragment
festivals/vijaya-dashmi/global-diaspora-and-cultural-comparisons/dussehra-in-dubai-and-the-uae.html,festivals/vijaya-dashmi/global-diaspora-and-cultural-comparisons/dussehra-in-dubai-and-the-uae.html,no,merged,/Users/prashantdhingra/e/a3_output/indiacities.net/output/content/festivals/vijaya-dashmi/global-diaspora-and-cultural-comparisons/footer.fragment
festivals/vijaya-dashmi/global-diaspora-and-cultural-comparisons/dussehra-vs-navratri-what-is-the-difference.html,festivals/vijaya-dashmi/global-diaspora-and-cultural-comparisons/dussehra-vs-navratri-what-is-the-difference.html,no,merged,/Users/prashantdhingra/e/a3_output/indiacities.net/output/content/festivals/vijaya-dashmi/global-diaspora-and-cultural-comparisons/footer.fragment
festivals/vijaya-dashmi/global-diaspora-and-cultural-comparisons/dussehra-vs-onam-two-different-indian-cultural-traditions.html,festivals/vijaya-dashmi/global-diaspora-and-cultural-comparisons/dussehra-vs-onam-two-different-indian-cultural-traditions.html,no,merged,/Users/prashantdhingra/e/a3_output/indiacities.net/output/content/festivals/vijaya-dashmi/global-diaspora-and-cultural-comparisons/footer.fragment
festivals/vijaya-dashmi/global-diaspora-and-cultural-comparisons/dussehra-in-texas-dallas-houston-and-austin-celebrations.html,festivals/vijaya-dashmi/global-diaspora-and-cultural-comparisons/dussehra-in-texas-dallas-houston-and-austin-celebrations.html,no,merged,/Users/prashantdhingra/e/a3_output/indiacities.net/output/content/festivals/vijaya-dashmi/global-diaspora-and-cultural-comparisons/footer.fragment
festivals/vijaya-dashmi/global-diaspora-and-cultural-comparisons/dussehra-in-singapore-indian-community-celebrations.html,festivals/vijaya-dashmi/global-diaspora-and-cultural-comparisons/dussehra-in-singapore-indian-community-celebrations.html,no,merged,/Users/prashantdhingra/e/a3_output/indiacities.net/output/content/festivals/vijaya-dashmi/global-diaspora-and-cultural-comparisons/footer.fragment
festivals/vijaya-dashmi/global-diaspora-and-cultural-comparisons/how-indian-families-celebrate-dussehra-abroad.html,festivals/vijaya-dashmi/global-diaspora-and-cultural-comparisons/how-indian-families-celebrate-dussehra-abroad.html,no,merged,/Users/prashantdhingra/e/a3_output/indiacities.net/output/content/festivals/vijaya-dashmi/global-diaspora-and-cultural-comparisons/footer.fragment
festivals/vijaya-dashmi/global-diaspora-and-cultural-comparisons/dussehra-in-seattle-and-the-pacific-northwest.html,festivals/vijaya-dashmi/global-diaspora-and-cultural-comparisons/dussehra-in-seattle-and-the-pacific-northwest.html,no,merged,/Users/prashantdhingra/e/a3_output/indiacities.net/output/content/festivals/vijaya-dashmi/global-diaspora-and-cultural-comparisons/footer.fragment
festivals/vijaya-dashmi/travel-fairs-ramlila-and-cultural-tourism/what-to-wear-when-attending-dussehra-events-in-india.html,festivals/vijaya-dashmi/travel-fairs-ramlila-and-cultural-tourism/what-to-wear-when-attending-dussehra-events-in-india.html,no,merged,/Users/prashantdhingra/e/a3_output/indiacities.net/output/content/festivals/vijaya-dashmi/travel-fairs-ramlila-and-cultural-tourism/footer.fragment
festivals/vijaya-dashmi/travel-fairs-ramlila-and-cultural-tourism/how-to-plan-a-dussehra-trip-to-north-india.html,festivals/vijaya-dashmi/travel-fairs-ramlila-and-cultural-tourism/how-to-plan-a-dussehra-trip-to-north-india.html,no,merged,/Users/prashantdhingra/e/a3_output/indiacities.net/output/content/festivals/vijaya-dashmi/travel-fairs-ramlila-and-cultural-tourism/footer.fragment
festivals/vijaya-dashmi/travel-fairs-ramlila-and-cultural-tourism/index.html,festivals/vijaya-dashmi/travel-fairs-ramlila-and-cultural-tourism/index.html,no,merged,/Users/prashantdhingra/e/a3_output/indiacities.net/output/content/festivals/vijaya-dashmi/travel-fairs-ramlila-and-cultural-tourism/footer.fragment
festivals/vijaya-dashmi/travel-fairs-ramlila-and-cultural-tourism/kota-dussehra-mela-visitor-guide.html,festivals/vijaya-dashmi/travel-fairs-ramlila-and-cultural-tourism/kota-dussehra-mela-visitor-guide.html,no,merged,/Users/prashantdhingra/e/a3_output/indiacities.net/output/content/festivals/vijaya-dashmi/travel-fairs-ramlila-and-cultural-tourism/footer.fragment
festivals/vijaya-dashmi/travel-fairs-ramlila-and-cultural-tourism/dussehra-in-bastar-tribal-traditions-and-cultural-guide.html,festivals/vijaya-dashmi/travel-fairs-ramlila-and-cultural-tourism/dussehra-in-bastar-tribal-traditions-and-cultural-guide.html,no,merged,/Users/prashantdhingra/e/a3_output/indiacities.net/output/content/festivals/vijaya-dashmi/travel-fairs-ramlila-and-cultural-tourism/footer.fragment
festivals/vijaya-dashmi/travel-fairs-ramlila-and-cultural-tourism/why-dussehra-is-one-of-indias-most-diverse-festival-travel-experiences.html,festivals/vijaya-dashmi/travel-fairs-ramlila-and-cultural-tourism/why-dussehra-is-one-of-indias-most-diverse-festival-travel-experiences.html,no,merged,/Users/prashantdhingra/e/a3_output/indiacities.net/output/content/festivals/vijaya-dashmi/travel-fairs-ramlila-and-cultural-tourism/footer.fragment
festivals/vijaya-dashmi/travel-fairs-ramlila-and-cultural-tourism/dussehra-in-ayodhya-travel-and-festival-guide.html,festivals/vijaya-dashmi/travel-fairs-ramlila-and-cultural-tourism/dussehra-in-ayodhya-travel-and-festival-guide.html,no,merged,/Users/prashantdhingra/e/a3_output/indiacities.net/output/content/festivals/vijaya-dashmi/travel-fairs-ramlila-and-cultural-tourism/footer.fragment
festivals/vijaya-dashmi/travel-fairs-ramlila-and-cultural-tourism/dussehra-fair-guide-what-to-expect-at-a-mela.html,festivals/vijaya-dashmi/travel-fairs-ramlila-and-cultural-tourism/dussehra-fair-guide-what-to-expect-at-a-mela.html,no,merged,/Users/prashantdhingra/e/a3_output/indiacities.net/output/content/festivals/vijaya-dashmi/travel-fairs-ramlila-and-cultural-tourism/footer.fragment
festivals/vijaya-dashmi/travel-fairs-ramlila-and-cultural-tourism/dussehra-in-mysuru-complete-travel-guide.html,festivals/vijaya-dashmi/travel-fairs-ramlila-and-cultural-tourism/dussehra-in-mysuru-complete-travel-guide.html,no,merged,/Users/prashantdhingra/e/a3_output/indiacities.net/output/content/festivals/vijaya-dashmi/travel-fairs-ramlila-and-cultural-tourism/footer.fragment
festivals/vijaya-dashmi/travel-fairs-ramlila-and-cultural-tourism/kullu-dussehra-complete-travel-and-festival-guide.html,festivals/vijaya-dashmi/travel-fairs-ramlila-and-cultural-tourism/kullu-dussehra-complete-travel-and-festival-guide.html,no,merged,/Users/prashantdhingra/e/a3_output/indiacities.net/output/content/festivals/vijaya-dashmi/travel-fairs-ramlila-and-cultural-tourism/footer.fragment
festivals/vijaya-dashmi/travel-fairs-ramlila-and-cultural-tourism/how-to-plan-a-dussehra-trip-to-karnataka.html,festivals/vijaya-dashmi/travel-fairs-ramlila-and-cultural-tourism/how-to-plan-a-dussehra-trip-to-karnataka.html,no,merged,/Users/prashantdhingra/e/a3_output/indiacities.net/output/content/festivals/vijaya-dashmi/travel-fairs-ramlila-and-cultural-tourism/footer.fragment
festivals/vijaya-dashmi/travel-fairs-ramlila-and-cultural-tourism/best-dussehra-cultural-experiences-for-international-visitors.html,festivals/vijaya-dashmi/travel-fairs-ramlila-and-cultural-tourism/best-dussehra-cultural-experiences-for-international-visitors.html,no,merged,/Users/prashantdhingra/e/a3_output/indiacities.net/output/content/festivals/vijaya-dashmi/travel-fairs-ramlila-and-cultural-tourism/footer.fragment
festivals/vijaya-dashmi/travel-fairs-ramlila-and-cultural-tourism/dussehra-in-delhi-best-ramlila-and-effigy-burning-experiences.html,festivals/vijaya-dashmi/travel-fairs-ramlila-and-cultural-tourism/dussehra-in-delhi-best-ramlila-and-effigy-burning-experiences.html,no,merged,/Users/prashantdhingra/e/a3_output/indiacities.net/output/content/festivals/vijaya-dashmi/travel-fairs-ramlila-and-cultural-tourism/footer.fragment
festivals/vijaya-dashmi/travel-fairs-ramlila-and-cultural-tourism/how-to-attend-a-ramlila-respectfully-visitor-etiquette.html,festivals/vijaya-dashmi/travel-fairs-ramlila-and-cultural-tourism/how-to-attend-a-ramlila-respectfully-visitor-etiquette.html,no,merged,/Users/prashantdhingra/e/a3_output/indiacities.net/output/content/festivals/vijaya-dashmi/travel-fairs-ramlila-and-cultural-tourism/footer.fragment
festivals/vijaya-dashmi/travel-fairs-ramlila-and-cultural-tourism/dussehra-food-guide-for-travelers.html,festivals/vijaya-dashmi/travel-fairs-ramlila-and-cultural-tourism/dussehra-food-guide-for-travelers.html,no,merged,/Users/prashantdhingra/e/a3_output/indiacities.net/output/content/festivals/vijaya-dashmi/travel-fairs-ramlila-and-cultural-tourism/footer.fragment
festivals/vijaya-dashmi/travel-fairs-ramlila-and-cultural-tourism/dussehra-travel-with-kids-tips-and-family-activities.html,festivals/vijaya-dashmi/travel-fairs-ramlila-and-cultural-tourism/dussehra-travel-with-kids-tips-and-family-activities.html,no,merged,/Users/prashantdhingra/e/a3_output/indiacities.net/output/content/festivals/vijaya-dashmi/travel-fairs-ramlila-and-cultural-tourism/footer.fragment
festivals/vijaya-dashmi/travel-fairs-ramlila-and-cultural-tourism/dussehra-travel-packing-list.html,festivals/vijaya-dashmi/travel-fairs-ramlila-and-cultural-tourism/dussehra-travel-packing-list.html,no,merged,/Users/prashantdhingra/e/a3_output/indiacities.net/output/content/festivals/vijaya-dashmi/travel-fairs-ramlila-and-cultural-tourism/footer.fragment
festivals/vijaya-dashmi/travel-fairs-ramlila-and-cultural-tourism/how-to-photograph-fireworks-and-ravana-effigy-burning-safely.html,festivals/vijaya-dashmi/travel-fairs-ramlila-and-cultural-tourism/how-to-photograph-fireworks-and-ravana-effigy-burning-safely.html,no,merged,/Users/prashantdhingra/e/a3_output/indiacities.net/output/content/festivals/vijaya-dashmi/travel-fairs-ramlila-and-cultural-tourism/footer.fragment
festivals/vijaya-dashmi/travel-fairs-ramlila-and-cultural-tourism/best-places-in-india-to-experience-dussehra.html,festivals/vijaya-dashmi/travel-fairs-ramlila-and-cultural-tourism/best-places-in-india-to-experience-dussehra.html,no,merged,/Users/prashantdhingra/e/a3_output/indiacities.net/output/content/festivals/vijaya-dashmi/travel-fairs-ramlila-and-cultural-tourism/footer.fragment
festivals/vijaya-dashmi/travel-fairs-ramlila-and-cultural-tourism/ramnagar-ramlila-in-varanasi-visitor-guide.html,festivals/vijaya-dashmi/travel-fairs-ramlila-and-cultural-tourism/ramnagar-ramlila-in-varanasi-visitor-guide.html,no,merged,/Users/prashantdhingra/e/a3_output/indiacities.net/output/content/festivals/vijaya-dashmi/travel-fairs-ramlila-and-cultural-tourism/footer.fragment
festivals/vijaya-dashmi/travel-fairs-ramlila-and-cultural-tourism/dussehra-photography-guide-ramlila-processions-and-effigies.html,festivals/vijaya-dashmi/travel-fairs-ramlila-and-cultural-tourism/dussehra-photography-guide-ramlila-processions-and-effigies.html,no,merged,/Users/prashantdhingra/e/a3_output/indiacities.net/output/content/festivals/vijaya-dashmi/travel-fairs-ramlila-and-cultural-tourism/footer.fragment
festivals/vijaya-dashmi/decor-rangoli-effigies-events-and-celebration-ideas/dussehra-door-and-entrance-decoration-ideas.html,festivals/vijaya-dashmi/decor-rangoli-effigies-events-and-celebration-ideas/dussehra-door-and-entrance-decoration-ideas.html,no,merged,/Users/prashantdhingra/e/a3_output/indiacities.net/output/content/festivals/vijaya-dashmi/decor-rangoli-effigies-events-and-celebration-ideas/footer.fragment
festivals/vijaya-dashmi/decor-rangoli-effigies-events-and-celebration-ideas/dussehra-photo-booth-and-backdrop-ideas.html,festivals/vijaya-dashmi/decor-rangoli-effigies-events-and-celebration-ideas/dussehra-photo-booth-and-backdrop-ideas.html,no,merged,/Users/prashantdhingra/e/a3_output/indiacities.net/output/content/festivals/vijaya-dashmi/decor-rangoli-effigies-events-and-celebration-ideas/footer.fragment
festivals/vijaya-dashmi/decor-rangoli-effigies-events-and-celebration-ideas/dussehra-puja-room-decoration-ideas.html,festivals/vijaya-dashmi/decor-rangoli-effigies-events-and-celebration-ideas/dussehra-puja-room-decoration-ideas.html,no,merged,/Users/prashantdhingra/e/a3_output/indiacities.net/output/content/festivals/vijaya-dashmi/decor-rangoli-effigies-events-and-celebration-ideas/footer.fragment
festivals/vijaya-dashmi/decor-rangoli-effigies-events-and-celebration-ideas/index.html,festivals/vijaya-dashmi/decor-rangoli-effigies-events-and-celebration-ideas/index.html,no,merged,/Users/prashantdhingra/e/a3_output/indiacities.net/output/content/festivals/vijaya-dashmi/decor-rangoli-effigies-events-and-celebration-ideas/footer.fragment
festivals/vijaya-dashmi/decor-rangoli-effigies-events-and-celebration-ideas/dussehra-office-celebration-ideas.html,festivals/vijaya-dashmi/decor-rangoli-effigies-events-and-celebration-ideas/dussehra-office-celebration-ideas.html,no,merged,/Users/prashantdhingra/e/a3_output/indiacities.net/output/content/festivals/vijaya-dashmi/decor-rangoli-effigies-events-and-celebration-ideas/footer.fragment
festivals/vijaya-dashmi/decor-rangoli-effigies-events-and-celebration-ideas/traditional-dussehra-rangoli-designs.html,festivals/vijaya-dashmi/decor-rangoli-effigies-events-and-celebration-ideas/traditional-dussehra-rangoli-designs.html,no,merged,/Users/prashantdhingra/e/a3_output/indiacities.net/output/content/festivals/vijaya-dashmi/decor-rangoli-effigies-events-and-celebration-ideas/footer.fragment
festivals/vijaya-dashmi/decor-rangoli-effigies-events-and-celebration-ideas/eco-friendly-dussehra-celebration-ideas.html,festivals/vijaya-dashmi/decor-rangoli-effigies-events-and-celebration-ideas/eco-friendly-dussehra-celebration-ideas.html,no,merged,/Users/prashantdhingra/e/a3_output/indiacities.net/output/content/festivals/vijaya-dashmi/decor-rangoli-effigies-events-and-celebration-ideas/footer.fragment
festivals/vijaya-dashmi/decor-rangoli-effigies-events-and-celebration-ideas/dussehra-party-and-cultural-program-ideas.html,festivals/vijaya-dashmi/decor-rangoli-effigies-events-and-celebration-ideas/dussehra-party-and-cultural-program-ideas.html,no,merged,/Users/prashantdhingra/e/a3_output/indiacities.net/output/content/festivals/vijaya-dashmi/decor-rangoli-effigies-events-and-celebration-ideas/footer.fragment
festivals/vijaya-dashmi/decor-rangoli-effigies-events-and-celebration-ideas/how-to-celebrate-dussehra-without-burning-an-effigy.html,festivals/vijaya-dashmi/decor-rangoli-effigies-events-and-celebration-ideas/how-to-celebrate-dussehra-without-burning-an-effigy.html,no,merged,/Users/prashantdhingra/e/a3_output/indiacities.net/output/content/festivals/vijaya-dashmi/decor-rangoli-effigies-events-and-celebration-ideas/footer.fragment
festivals/vijaya-dashmi/decor-rangoli-effigies-events-and-celebration-ideas/dussehra-stage-decoration-ideas.html,festivals/vijaya-dashmi/decor-rangoli-effigies-events-and-celebration-ideas/dussehra-stage-decoration-ideas.html,no,merged,/Users/prashantdhingra/e/a3_output/indiacities.net/output/content/festivals/vijaya-dashmi/decor-rangoli-effigies-events-and-celebration-ideas/footer.fragment
festivals/vijaya-dashmi/decor-rangoli-effigies-events-and-celebration-ideas/dussehra-decoration-ideas-for-home.html,festivals/vijaya-dashmi/decor-rangoli-effigies-events-and-celebration-ideas/dussehra-decoration-ideas-for-home.html,no,merged,/Users/prashantdhingra/e/a3_output/indiacities.net/output/content/festivals/vijaya-dashmi/decor-rangoli-effigies-events-and-celebration-ideas/footer.fragment
festivals/vijaya-dashmi/decor-rangoli-effigies-events-and-celebration-ideas/dussehra-celebration-ideas-for-families-living-abroad.html,festivals/vijaya-dashmi/decor-rangoli-effigies-events-and-celebration-ideas/dussehra-celebration-ideas-for-families-living-abroad.html,no,merged,/Users/prashantdhingra/e/a3_output/indiacities.net/output/content/festivals/vijaya-dashmi/decor-rangoli-effigies-events-and-celebration-ideas/footer.fragment
festivals/vijaya-dashmi/decor-rangoli-effigies-events-and-celebration-ideas/dussehra-games-and-activities-for-families.html,festivals/vijaya-dashmi/decor-rangoli-effigies-events-and-celebration-ideas/dussehra-games-and-activities-for-families.html,no,merged,/Users/prashantdhingra/e/a3_output/indiacities.net/output/content/festivals/vijaya-dashmi/decor-rangoli-effigies-events-and-celebration-ideas/footer.fragment
festivals/vijaya-dashmi/decor-rangoli-effigies-events-and-celebration-ideas/ravana-effigy-making-ideas-for-community-events.html,festivals/vijaya-dashmi/decor-rangoli-effigies-events-and-celebration-ideas/ravana-effigy-making-ideas-for-community-events.html,no,merged,/Users/prashantdhingra/e/a3_output/indiacities.net/output/content/festivals/vijaya-dashmi/decor-rangoli-effigies-events-and-celebration-ideas/footer.fragment
festivals/vijaya-dashmi/decor-rangoli-effigies-events-and-celebration-ideas/dussehra-flower-decoration-ideas.html,festivals/vijaya-dashmi/decor-rangoli-effigies-events-and-celebration-ideas/dussehra-flower-decoration-ideas.html,no,merged,/Users/prashantdhingra/e/a3_output/indiacities.net/output/content/festivals/vijaya-dashmi/decor-rangoli-effigies-events-and-celebration-ideas/footer.fragment
festivals/vijaya-dashmi/decor-rangoli-effigies-events-and-celebration-ideas/how-to-organize-a-small-ramlila-in-a-community.html,festivals/vijaya-dashmi/decor-rangoli-effigies-events-and-celebration-ideas/how-to-organize-a-small-ramlila-in-a-community.html,no,merged,/Users/prashantdhingra/e/a3_output/indiacities.net/output/content/festivals/vijaya-dashmi/decor-rangoli-effigies-events-and-celebration-ideas/footer.fragment
festivals/vijaya-dashmi/decor-rangoli-effigies-events-and-celebration-ideas/eco-friendly-ravana-effigy-ideas.html,festivals/vijaya-dashmi/decor-rangoli-effigies-events-and-celebration-ideas/eco-friendly-ravana-effigy-ideas.html,no,merged,/Users/prashantdhingra/e/a3_output/indiacities.net/output/content/festivals/vijaya-dashmi/decor-rangoli-effigies-events-and-celebration-ideas/footer.fragment
festivals/vijaya-dashmi/decor-rangoli-effigies-events-and-celebration-ideas/how-to-organize-a-community-dussehra-celebration.html,festivals/vijaya-dashmi/decor-rangoli-effigies-events-and-celebration-ideas/how-to-organize-a-community-dussehra-celebration.html,no,merged,/Users/prashantdhingra/e/a3_output/indiacities.net/output/content/festivals/vijaya-dashmi/decor-rangoli-effigies-events-and-celebration-ideas/footer.fragment
festivals/vijaya-dashmi/decor-rangoli-effigies-events-and-celebration-ideas/dussehra-celebration-ideas-for-apartment-communities.html,festivals/vijaya-dashmi/decor-rangoli-effigies-events-and-celebration-ideas/dussehra-celebration-ideas-for-apartment-communities.html,no,merged,/Users/prashantdhingra/e/a3_output/indiacities.net/output/content/festivals/vijaya-dashmi/decor-rangoli-effigies-events-and-celebration-ideas/footer.fragment
festivals/vijaya-dashmi/decor-rangoli-effigies-events-and-celebration-ideas/easy-vijayadashami-rangoli-designs-for-beginners.html,festivals/vijaya-dashmi/decor-rangoli-effigies-events-and-celebration-ideas/easy-vijayadashami-rangoli-designs-for-beginners.html,no,merged,/Users/prashantdhingra/e/a3_output/indiacities.net/output/content/festivals/vijaya-dashmi/decor-rangoli-effigies-events-and-celebration-ideas/footer.fragment
festivals/vijaya-dashmi/decor-rangoli-effigies-events-and-celebration-ideas/dussehra-event-planning-checklist.html,festivals/vijaya-dashmi/decor-rangoli-effigies-events-and-celebration-ideas/dussehra-event-planning-checklist.html,no,merged,/Users/prashantdhingra/e/a3_output/indiacities.net/output/content/festivals/vijaya-dashmi/decor-rangoli-effigies-events-and-celebration-ideas/footer.fragment
festivals/vijaya-dashmi/wishes-quotes-messages-captions-and-greetings/happy-dussehra-2027-wishes-quotes-messages-and-captions.html,festivals/vijaya-dashmi/wishes-quotes-messages-captions-and-greetings/happy-dussehra-2027-wishes-quotes-messages-and-captions.html,no,merged,/Users/prashantdhingra/e/a3_output/indiacities.net/output/content/festivals/vijaya-dashmi/wishes-quotes-messages-captions-and-greetings/footer.fragment
festivals/vijaya-dashmi/wishes-quotes-messages-captions-and-greetings/professional-dussehra-greetings-for-clients-and-employees.html,festivals/vijaya-dashmi/wishes-quotes-messages-captions-and-greetings/professional-dussehra-greetings-for-clients-and-employees.html,no,merged,/Users/prashantdhingra/e/a3_output/indiacities.net/output/content/festivals/vijaya-dashmi/wishes-quotes-messages-captions-and-greetings/footer.fragment
festivals/vijaya-dashmi/wishes-quotes-messages-captions-and-greetings/dussehra-whatsapp-status-ideas.html,festivals/vijaya-dashmi/wishes-quotes-messages-captions-and-greetings/dussehra-whatsapp-status-ideas.html,no,merged,/Users/prashantdhingra/e/a3_output/indiacities.net/output/content/festivals/vijaya-dashmi/wishes-quotes-messages-captions-and-greetings/footer.fragment
festivals/vijaya-dashmi/wishes-quotes-messages-captions-and-greetings/dussehra-wishes-for-friends-and-colleagues.html,festivals/vijaya-dashmi/wishes-quotes-messages-captions-and-greetings/dussehra-wishes-for-friends-and-colleagues.html,no,merged,/Users/prashantdhingra/e/a3_output/indiacities.net/output/content/festivals/vijaya-dashmi/wishes-quotes-messages-captions-and-greetings/footer.fragment
festivals/vijaya-dashmi/wishes-quotes-messages-captions-and-greetings/dussehra-wishes-in-marathi.html,festivals/vijaya-dashmi/wishes-quotes-messages-captions-and-greetings/dussehra-wishes-in-marathi.html,no,merged,/Users/prashantdhingra/e/a3_output/indiacities.net/output/content/festivals/vijaya-dashmi/wishes-quotes-messages-captions-and-greetings/footer.fragment
festivals/vijaya-dashmi/wishes-quotes-messages-captions-and-greetings/index.html,festivals/vijaya-dashmi/wishes-quotes-messages-captions-and-greetings/index.html,no,merged,/Users/prashantdhingra/e/a3_output/indiacities.net/output/content/festivals/vijaya-dashmi/wishes-quotes-messages-captions-and-greetings/footer.fragment
festivals/vijaya-dashmi/wishes-quotes-messages-captions-and-greetings/dussehra-wishes-in-kannada.html,festivals/vijaya-dashmi/wishes-quotes-messages-captions-and-greetings/dussehra-wishes-in-kannada.html,no,merged,/Users/prashantdhingra/e/a3_output/indiacities.net/output/content/festivals/vijaya-dashmi/wishes-quotes-messages-captions-and-greetings/footer.fragment
festivals/vijaya-dashmi/wishes-quotes-messages-captions-and-greetings/dussehra-wishes-in-telugu.html,festivals/vijaya-dashmi/wishes-quotes-messages-captions-and-greetings/dussehra-wishes-in-telugu.html,no,merged,/Users/prashantdhingra/e/a3_output/indiacities.net/output/content/festivals/vijaya-dashmi/wishes-quotes-messages-captions-and-greetings/footer.fragment
festivals/vijaya-dashmi/wishes-quotes-messages-captions-and-greetings/vijayadashami-wishes-in-bengali.html,festivals/vijaya-dashmi/wishes-quotes-messages-captions-and-greetings/vijayadashami-wishes-in-bengali.html,no,merged,/Users/prashantdhingra/e/a3_output/indiacities.net/output/content/festivals/vijaya-dashmi/wishes-quotes-messages-captions-and-greetings/footer.fragment
festivals/vijaya-dashmi/wishes-quotes-messages-captions-and-greetings/dussehra-wishes-in-tamil.html,festivals/vijaya-dashmi/wishes-quotes-messages-captions-and-greetings/dussehra-wishes-in-tamil.html,no,merged,/Users/prashantdhingra/e/a3_output/indiacities.net/output/content/festivals/vijaya-dashmi/wishes-quotes-messages-captions-and-greetings/footer.fragment
festivals/vijaya-dashmi/wishes-quotes-messages-captions-and-greetings/dussehra-wishes-in-hindi.html,festivals/vijaya-dashmi/wishes-quotes-messages-captions-and-greetings/dussehra-wishes-in-hindi.html,no,merged,/Users/prashantdhingra/e/a3_output/indiacities.net/output/content/festivals/vijaya-dashmi/wishes-quotes-messages-captions-and-greetings/footer.fragment
festivals/vijaya-dashmi/wishes-quotes-messages-captions-and-greetings/100-happy-dussehra-wishes-for-family-and-friends.html,festivals/vijaya-dashmi/wishes-quotes-messages-captions-and-greetings/100-happy-dussehra-wishes-for-family-and-friends.html,no,merged,/Users/prashantdhingra/e/a3_output/indiacities.net/output/content/festivals/vijaya-dashmi/wishes-quotes-messages-captions-and-greetings/footer.fragment
festivals/vijaya-dashmi/wishes-quotes-messages-captions-and-greetings/dussehra-quotes-about-good-over-evil-and-new-beginnings.html,festivals/vijaya-dashmi/wishes-quotes-messages-captions-and-greetings/dussehra-quotes-about-good-over-evil-and-new-beginnings.html,no,merged,/Users/prashantdhingra/e/a3_output/indiacities.net/output/content/festivals/vijaya-dashmi/wishes-quotes-messages-captions-and-greetings/footer.fragment
festivals/vijaya-dashmi/wishes-quotes-messages-captions-and-greetings/vijayadashami-greeting-card-messages.html,festivals/vijaya-dashmi/wishes-quotes-messages-captions-and-greetings/vijayadashami-greeting-card-messages.html,no,merged,/Users/prashantdhingra/e/a3_output/indiacities.net/output/content/festivals/vijaya-dashmi/wishes-quotes-messages-captions-and-greetings/footer.fragment
festivals/vijaya-dashmi/wishes-quotes-messages-captions-and-greetings/dussehra-wishes-for-parents-and-elders.html,festivals/vijaya-dashmi/wishes-quotes-messages-captions-and-greetings/dussehra-wishes-for-parents-and-elders.html,no,merged,/Users/prashantdhingra/e/a3_output/indiacities.net/output/content/festivals/vijaya-dashmi/wishes-quotes-messages-captions-and-greetings/footer.fragment
festivals/vijaya-dashmi/wishes-quotes-messages-captions-and-greetings/dussehra-image-caption-and-poster-text-ideas.html,festivals/vijaya-dashmi/wishes-quotes-messages-captions-and-greetings/dussehra-image-caption-and-poster-text-ideas.html,no,merged,/Users/prashantdhingra/e/a3_output/indiacities.net/output/content/festivals/vijaya-dashmi/wishes-quotes-messages-captions-and-greetings/footer.fragment
festivals/vijaya-dashmi/wishes-quotes-messages-captions-and-greetings/short-dussehra-wishes-for-whatsapp-and-sms.html,festivals/vijaya-dashmi/wishes-quotes-messages-captions-and-greetings/short-dussehra-wishes-for-whatsapp-and-sms.html,no,merged,/Users/prashantdhingra/e/a3_output/indiacities.net/output/content/festivals/vijaya-dashmi/wishes-quotes-messages-captions-and-greetings/footer.fragment
festivals/vijaya-dashmi/wishes-quotes-messages-captions-and-greetings/dussehra-instagram-captions.html,festivals/vijaya-dashmi/wishes-quotes-messages-captions-and-greetings/dussehra-instagram-captions.html,no,merged,/Users/prashantdhingra/e/a3_output/indiacities.net/output/content/festivals/vijaya-dashmi/wishes-quotes-messages-captions-and-greetings/footer.fragment
festivals/vijaya-dashmi/wishes-quotes-messages-captions-and-greetings/dussehra-wishes-in-english.html,festivals/vijaya-dashmi/wishes-quotes-messages-captions-and-greetings/dussehra-wishes-in-english.html,no,merged,/Users/prashantdhingra/e/a3_output/indiacities.net/output/content/festivals/vijaya-dashmi/wishes-quotes-messages-captions-and-greetings/footer.fragment
festivals/vijaya-dashmi/wishes-quotes-messages-captions-and-greetings/dussehra-wishes-for-husband-wife-and-family.html,festivals/vijaya-dashmi/wishes-quotes-messages-captions-and-greetings/dussehra-wishes-for-husband-wife-and-family.html,no,merged,/Users/prashantdhingra/e/a3_output/indiacities.net/output/content/festivals/vijaya-dashmi/wishes-quotes-messages-captions-and-greetings/footer.fragment
festivals/vijaya-dashmi/wishes-quotes-messages-captions-and-greetings/dussehra-facebook-captions-and-social-posts.html,festivals/vijaya-dashmi/wishes-quotes-messages-captions-and-greetings/dussehra-facebook-captions-and-social-posts.html,no,merged,/Users/prashantdhingra/e/a3_output/indiacities.net/output/content/festivals/vijaya-dashmi/wishes-quotes-messages-captions-and-greetings/footer.fragment
festivals/vijaya-dashmi/ayudha-puja-vidyarambham-shami-and-auspicious-traditions/vijayadashami-rituals-for-families-a-practical-guide.html,festivals/vijaya-dashmi/ayudha-puja-vidyarambham-shami-and-auspicious-traditions/vijayadashami-rituals-for-families-a-practical-guide.html,no,merged,/Users/prashantdhingra/e/a3_output/indiacities.net/output/content/festivals/vijaya-dashmi/ayudha-puja-vidyarambham-shami-and-auspicious-traditions/footer.fragment
festivals/vijaya-dashmi/ayudha-puja-vidyarambham-shami-and-auspicious-traditions/dussehra-puja-samagri-list-what-you-need.html,festivals/vijaya-dashmi/ayudha-puja-vidyarambham-shami-and-auspicious-traditions/dussehra-puja-samagri-list-what-you-need.html,no,merged,/Users/prashantdhingra/e/a3_output/indiacities.net/output/content/festivals/vijaya-dashmi/ayudha-puja-vidyarambham-shami-and-auspicious-traditions/footer.fragment
festivals/vijaya-dashmi/ayudha-puja-vidyarambham-shami-and-auspicious-traditions/why-people-start-new-businesses-on-vijayadashami.html,festivals/vijaya-dashmi/ayudha-puja-vidyarambham-shami-and-auspicious-traditions/why-people-start-new-businesses-on-vijayadashami.html,no,merged,/Users/prashantdhingra/e/a3_output/indiacities.net/output/content/festivals/vijaya-dashmi/ayudha-puja-vidyarambham-shami-and-auspicious-traditions/footer.fragment
festivals/vijaya-dashmi/ayudha-puja-vidyarambham-shami-and-auspicious-traditions/ayudha-puja-meaning-history-and-how-it-is-celebrated.html,festivals/vijaya-dashmi/ayudha-puja-vidyarambham-shami-and-auspicious-traditions/ayudha-puja-meaning-history-and-how-it-is-celebrated.html,no,merged,/Users/prashantdhingra/e/a3_output/indiacities.net/output/content/festivals/vijaya-dashmi/ayudha-puja-vidyarambham-shami-and-auspicious-traditions/footer.fragment
festivals/vijaya-dashmi/ayudha-puja-vidyarambham-shami-and-auspicious-traditions/saraswati-puja-and-vijayadashami-connection-with-learning.html,festivals/vijaya-dashmi/ayudha-puja-vidyarambham-shami-and-auspicious-traditions/saraswati-puja-and-vijayadashami-connection-with-learning.html,no,merged,/Users/prashantdhingra/e/a3_output/indiacities.net/output/content/festivals/vijaya-dashmi/ayudha-puja-vidyarambham-shami-and-auspicious-traditions/footer.fragment
festivals/vijaya-dashmi/ayudha-puja-vidyarambham-shami-and-auspicious-traditions/index.html,festivals/vijaya-dashmi/ayudha-puja-vidyarambham-shami-and-auspicious-traditions/index.html,no,merged,/Users/prashantdhingra/e/a3_output/indiacities.net/output/content/festivals/vijaya-dashmi/ayudha-puja-vidyarambham-shami-and-auspicious-traditions/footer.fragment
festivals/vijaya-dashmi/ayudha-puja-vidyarambham-shami-and-auspicious-traditions/ayudha-puja-for-offices-shops-and-businesses.html,festivals/vijaya-dashmi/ayudha-puja-vidyarambham-shami-and-auspicious-traditions/ayudha-puja-for-offices-shops-and-businesses.html,no,merged,/Users/prashantdhingra/e/a3_output/indiacities.net/output/content/festivals/vijaya-dashmi/ayudha-puja-vidyarambham-shami-and-auspicious-traditions/footer.fragment
festivals/vijaya-dashmi/ayudha-puja-vidyarambham-shami-and-auspicious-traditions/how-vidyarambham-is-performed-in-kerala.html,festivals/vijaya-dashmi/ayudha-puja-vidyarambham-shami-and-auspicious-traditions/how-vidyarambham-is-performed-in-kerala.html,no,merged,/Users/prashantdhingra/e/a3_output/indiacities.net/output/content/festivals/vijaya-dashmi/ayudha-puja-vidyarambham-shami-and-auspicious-traditions/footer.fragment
festivals/vijaya-dashmi/ayudha-puja-vidyarambham-shami-and-auspicious-traditions/ayudha-puja-for-cars-bikes-and-vehicles-simple-celebration-guide.html,festivals/vijaya-dashmi/ayudha-puja-vidyarambham-shami-and-auspicious-traditions/ayudha-puja-for-cars-bikes-and-vehicles-simple-celebration-guide.html,no,merged,/Users/prashantdhingra/e/a3_output/indiacities.net/output/content/festivals/vijaya-dashmi/ayudha-puja-vidyarambham-shami-and-auspicious-traditions/footer.fragment
festivals/vijaya-dashmi/ayudha-puja-vidyarambham-shami-and-auspicious-traditions/shami-puja-on-dussehra-meaning-and-rituals.html,festivals/vijaya-dashmi/ayudha-puja-vidyarambham-shami-and-auspicious-traditions/shami-puja-on-dussehra-meaning-and-rituals.html,no,merged,/Users/prashantdhingra/e/a3_output/indiacities.net/output/content/festivals/vijaya-dashmi/ayudha-puja-vidyarambham-shami-and-auspicious-traditions/footer.fragment
festivals/vijaya-dashmi/ayudha-puja-vidyarambham-shami-and-auspicious-traditions/dussehra-muhurat-traditions-what-makes-vijayadashami-auspicious.html,festivals/vijaya-dashmi/ayudha-puja-vidyarambham-shami-and-auspicious-traditions/dussehra-muhurat-traditions-what-makes-vijayadashami-auspicious.html,no,merged,/Users/prashantdhingra/e/a3_output/indiacities.net/output/content/festivals/vijaya-dashmi/ayudha-puja-vidyarambham-shami-and-auspicious-traditions/footer.fragment
festivals/vijaya-dashmi/ayudha-puja-vidyarambham-shami-and-auspicious-traditions/dussehra-and-new-beginnings-business-education-and-personal-goals.html,festivals/vijaya-dashmi/ayudha-puja-vidyarambham-shami-and-auspicious-traditions/dussehra-and-new-beginnings-business-education-and-personal-goals.html,no,merged,/Users/prashantdhingra/e/a3_output/indiacities.net/output/content/festivals/vijaya-dashmi/ayudha-puja-vidyarambham-shami-and-auspicious-traditions/footer.fragment
festivals/vijaya-dashmi/ayudha-puja-vidyarambham-shami-and-auspicious-traditions/why-vijayadashami-is-considered-auspicious-for-buying-vehicles-and-property.html,festivals/vijaya-dashmi/ayudha-puja-vidyarambham-shami-and-auspicious-traditions/why-vijayadashami-is-considered-auspicious-for-buying-vehicles-and-property.html,no,merged,/Users/prashantdhingra/e/a3_output/indiacities.net/output/content/festivals/vijaya-dashmi/ayudha-puja-vidyarambham-shami-and-auspicious-traditions/footer.fragment
festivals/vijaya-dashmi/ayudha-puja-vidyarambham-shami-and-auspicious-traditions/vijayadashami-for-students-why-the-day-is-auspicious-for-education.html,festivals/vijaya-dashmi/ayudha-puja-vidyarambham-shami-and-auspicious-traditions/vijayadashami-for-students-why-the-day-is-auspicious-for-education.html,no,merged,/Users/prashantdhingra/e/a3_output/indiacities.net/output/content/festivals/vijaya-dashmi/ayudha-puja-vidyarambham-shami-and-auspicious-traditions/footer.fragment
festivals/vijaya-dashmi/ayudha-puja-vidyarambham-shami-and-auspicious-traditions/apta-leaves-on-dussehra-why-they-are-exchanged-as-gold.html,festivals/vijaya-dashmi/ayudha-puja-vidyarambham-shami-and-auspicious-traditions/apta-leaves-on-dussehra-why-they-are-exchanged-as-gold.html,no,merged,/Users/prashantdhingra/e/a3_output/indiacities.net/output/content/festivals/vijaya-dashmi/ayudha-puja-vidyarambham-shami-and-auspicious-traditions/footer.fragment
festivals/vijaya-dashmi/ayudha-puja-vidyarambham-shami-and-auspicious-traditions/simollanghan-on-dussehra-meaning-and-maharashtrian-tradition.html,festivals/vijaya-dashmi/ayudha-puja-vidyarambham-shami-and-auspicious-traditions/simollanghan-on-dussehra-meaning-and-maharashtrian-tradition.html,no,merged,/Users/prashantdhingra/e/a3_output/indiacities.net/output/content/festivals/vijaya-dashmi/ayudha-puja-vidyarambham-shami-and-auspicious-traditions/footer.fragment
festivals/vijaya-dashmi/ayudha-puja-vidyarambham-shami-and-auspicious-traditions/how-to-perform-a-simple-vijayadashami-puja-at-home.html,festivals/vijaya-dashmi/ayudha-puja-vidyarambham-shami-and-auspicious-traditions/how-to-perform-a-simple-vijayadashami-puja-at-home.html,no,merged,/Users/prashantdhingra/e/a3_output/indiacities.net/output/content/festivals/vijaya-dashmi/ayudha-puja-vidyarambham-shami-and-auspicious-traditions/footer.fragment
festivals/vijaya-dashmi/ayudha-puja-vidyarambham-shami-and-auspicious-traditions/vidyarambham-why-children-begin-learning-on-vijayadashami.html,festivals/vijaya-dashmi/ayudha-puja-vidyarambham-shami-and-auspicious-traditions/vidyarambham-why-children-begin-learning-on-vijayadashami.html,no,merged,/Users/prashantdhingra/e/a3_output/indiacities.net/output/content/festivals/vijaya-dashmi/ayudha-puja-vidyarambham-shami-and-auspicious-traditions/footer.fragment
festivals/vijaya-dashmi/ayudha-puja-vidyarambham-shami-and-auspicious-traditions/ayudha-puja-for-computers-machines-and-modern-workplaces.html,festivals/vijaya-dashmi/ayudha-puja-vidyarambham-shami-and-auspicious-traditions/ayudha-puja-for-computers-machines-and-modern-workplaces.html,no,merged,/Users/prashantdhingra/e/a3_output/indiacities.net/output/content/festivals/vijaya-dashmi/ayudha-puja-vidyarambham-shami-and-auspicious-traditions/footer.fragment
festivals/vijaya-dashmi/ayudha-puja-vidyarambham-shami-and-auspicious-traditions/what-to-offer-during-dussehra-puja.html,festivals/vijaya-dashmi/ayudha-puja-vidyarambham-shami-and-auspicious-traditions/what-to-offer-during-dussehra-puja.html,no,merged,/Users/prashantdhingra/e/a3_output/indiacities.net/output/content/festivals/vijaya-dashmi/ayudha-puja-vidyarambham-shami-and-auspicious-traditions/footer.fragment
festivals/vijaya-dashmi/ayudha-puja-vidyarambham-shami-and-auspicious-traditions/why-are-tools-vehicles-and-machines-worshipped-during-ayudha-puja.html,festivals/vijaya-dashmi/ayudha-puja-vidyarambham-shami-and-auspicious-traditions/why-are-tools-vehicles-and-machines-worshipped-during-ayudha-puja.html,no,merged,/Users/prashantdhingra/e/a3_output/indiacities.net/output/content/festivals/vijaya-dashmi/ayudha-puja-vidyarambham-shami-and-auspicious-traditions/footer.fragment
festivals/vijaya-dashmi/kids-school-essays-crafts-and-educational-content/dussehra-vocabulary-important-words-and-their-meanings.html,festivals/vijaya-dashmi/kids-school-essays-crafts-and-educational-content/dussehra-vocabulary-important-words-and-their-meanings.html,no,merged,/Users/prashantdhingra/e/a3_output/indiacities.net/output/content/festivals/vijaya-dashmi/kids-school-essays-crafts-and-educational-content/footer.fragment
festivals/vijaya-dashmi/kids-school-essays-crafts-and-educational-content/dussehra-activities-for-families-and-children-at-home.html,festivals/vijaya-dashmi/kids-school-essays-crafts-and-educational-content/dussehra-activities-for-families-and-children-at-home.html,no,merged,/Users/prashantdhingra/e/a3_output/indiacities.net/output/content/festivals/vijaya-dashmi/kids-school-essays-crafts-and-educational-content/footer.fragment
festivals/vijaya-dashmi/kids-school-essays-crafts-and-educational-content/how-to-make-a-ravana-effigy-craft-for-school-projects.html,festivals/vijaya-dashmi/kids-school-essays-crafts-and-educational-content/how-to-make-a-ravana-effigy-craft-for-school-projects.html,no,merged,/Users/prashantdhingra/e/a3_output/indiacities.net/output/content/festivals/vijaya-dashmi/kids-school-essays-crafts-and-educational-content/footer.fragment
festivals/vijaya-dashmi/kids-school-essays-crafts-and-educational-content/dussehra-project-ideas-for-school-students.html,festivals/vijaya-dashmi/kids-school-essays-crafts-and-educational-content/dussehra-project-ideas-for-school-students.html,no,merged,/Users/prashantdhingra/e/a3_output/indiacities.net/output/content/festivals/vijaya-dashmi/kids-school-essays-crafts-and-educational-content/footer.fragment
festivals/vijaya-dashmi/kids-school-essays-crafts-and-educational-content/dussehra-essay-in-hindi-for-students.html,festivals/vijaya-dashmi/kids-school-essays-crafts-and-educational-content/dussehra-essay-in-hindi-for-students.html,no,merged,/Users/prashantdhingra/e/a3_output/indiacities.net/output/content/festivals/vijaya-dashmi/kids-school-essays-crafts-and-educational-content/footer.fragment
festivals/vijaya-dashmi/kids-school-essays-crafts-and-educational-content/index.html,festivals/vijaya-dashmi/kids-school-essays-crafts-and-educational-content/index.html,no,merged,/Users/prashantdhingra/e/a3_output/indiacities.net/output/content/festivals/vijaya-dashmi/kids-school-essays-crafts-and-educational-content/footer.fragment
festivals/vijaya-dashmi/kids-school-essays-crafts-and-educational-content/dussehra-speech-for-school-assembly.html,festivals/vijaya-dashmi/kids-school-essays-crafts-and-educational-content/dussehra-speech-for-school-assembly.html,no,merged,/Users/prashantdhingra/e/a3_output/indiacities.net/output/content/festivals/vijaya-dashmi/kids-school-essays-crafts-and-educational-content/footer.fragment
festivals/vijaya-dashmi/kids-school-essays-crafts-and-educational-content/dussehra-essay-in-200-500-and-1000-words.html,festivals/vijaya-dashmi/kids-school-essays-crafts-and-educational-content/dussehra-essay-in-200-500-and-1000-words.html,no,merged,/Users/prashantdhingra/e/a3_output/indiacities.net/output/content/festivals/vijaya-dashmi/kids-school-essays-crafts-and-educational-content/footer.fragment
festivals/vijaya-dashmi/kids-school-essays-crafts-and-educational-content/dussehra-drawing-ideas-for-kids.html,festivals/vijaya-dashmi/kids-school-essays-crafts-and-educational-content/dussehra-drawing-ideas-for-kids.html,no,merged,/Users/prashantdhingra/e/a3_output/indiacities.net/output/content/festivals/vijaya-dashmi/kids-school-essays-crafts-and-educational-content/footer.fragment
festivals/vijaya-dashmi/kids-school-essays-crafts-and-educational-content/dussehra-worksheet-for-kids-rama-ravana-durga-and-traditions.html,festivals/vijaya-dashmi/kids-school-essays-crafts-and-educational-content/dussehra-worksheet-for-kids-rama-ravana-durga-and-traditions.html,no,merged,/Users/prashantdhingra/e/a3_output/indiacities.net/output/content/festivals/vijaya-dashmi/kids-school-essays-crafts-and-educational-content/footer.fragment
festivals/vijaya-dashmi/kids-school-essays-crafts-and-educational-content/10-lines-on-dussehra-for-kids.html,festivals/vijaya-dashmi/kids-school-essays-crafts-and-educational-content/10-lines-on-dussehra-for-kids.html,no,merged,/Users/prashantdhingra/e/a3_output/indiacities.net/output/content/festivals/vijaya-dashmi/kids-school-essays-crafts-and-educational-content/footer.fragment
festivals/vijaya-dashmi/kids-school-essays-crafts-and-educational-content/short-dussehra-speech-in-hindi.html,festivals/vijaya-dashmi/kids-school-essays-crafts-and-educational-content/short-dussehra-speech-in-hindi.html,no,merged,/Users/prashantdhingra/e/a3_output/indiacities.net/output/content/festivals/vijaya-dashmi/kids-school-essays-crafts-and-educational-content/footer.fragment
festivals/vijaya-dashmi/kids-school-essays-crafts-and-educational-content/ramayana-story-for-kids-simple-dussehra-version.html,festivals/vijaya-dashmi/kids-school-essays-crafts-and-educational-content/ramayana-story-for-kids-simple-dussehra-version.html,no,merged,/Users/prashantdhingra/e/a3_output/indiacities.net/output/content/festivals/vijaya-dashmi/kids-school-essays-crafts-and-educational-content/footer.fragment
festivals/vijaya-dashmi/kids-school-essays-crafts-and-educational-content/easy-dussehra-craft-ideas-for-children.html,festivals/vijaya-dashmi/kids-school-essays-crafts-and-educational-content/easy-dussehra-craft-ideas-for-children.html,no,merged,/Users/prashantdhingra/e/a3_output/indiacities.net/output/content/festivals/vijaya-dashmi/kids-school-essays-crafts-and-educational-content/footer.fragment
festivals/vijaya-dashmi/kids-school-essays-crafts-and-educational-content/dussehra-coloring-pages-and-printable-activities.html,festivals/vijaya-dashmi/kids-school-essays-crafts-and-educational-content/dussehra-coloring-pages-and-printable-activities.html,no,merged,/Users/prashantdhingra/e/a3_output/indiacities.net/output/content/festivals/vijaya-dashmi/kids-school-essays-crafts-and-educational-content/footer.fragment
festivals/vijaya-dashmi/kids-school-essays-crafts-and-educational-content/50-dussehra-general-knowledge-questions-for-students.html,festivals/vijaya-dashmi/kids-school-essays-crafts-and-educational-content/50-dussehra-general-knowledge-questions-for-students.html,no,merged,/Users/prashantdhingra/e/a3_output/indiacities.net/output/content/festivals/vijaya-dashmi/kids-school-essays-crafts-and-educational-content/footer.fragment
festivals/vijaya-dashmi/kids-school-essays-crafts-and-educational-content/short-essay-on-dussehra-for-school-students.html,festivals/vijaya-dashmi/kids-school-essays-crafts-and-educational-content/short-essay-on-dussehra-for-school-students.html,no,merged,/Users/prashantdhingra/e/a3_output/indiacities.net/output/content/festivals/vijaya-dashmi/kids-school-essays-crafts-and-educational-content/footer.fragment
festivals/vijaya-dashmi/kids-school-essays-crafts-and-educational-content/dussehra-paragraph-for-class-3-4-and-5-students.html,festivals/vijaya-dashmi/kids-school-essays-crafts-and-educational-content/dussehra-paragraph-for-class-3-4-and-5-students.html,no,merged,/Users/prashantdhingra/e/a3_output/indiacities.net/output/content/festivals/vijaya-dashmi/kids-school-essays-crafts-and-educational-content/footer.fragment
festivals/vijaya-dashmi/kids-school-essays-crafts-and-educational-content/dussehra-poster-ideas-for-school-competitions.html,festivals/vijaya-dashmi/kids-school-essays-crafts-and-educational-content/dussehra-poster-ideas-for-school-competitions.html,no,merged,/Users/prashantdhingra/e/a3_output/indiacities.net/output/content/festivals/vijaya-dashmi/kids-school-essays-crafts-and-educational-content/footer.fragment
festivals/vijaya-dashmi/kids-school-essays-crafts-and-educational-content/how-to-explain-dussehra-to-children.html,festivals/vijaya-dashmi/kids-school-essays-crafts-and-educational-content/how-to-explain-dussehra-to-children.html,no,merged,/Users/prashantdhingra/e/a3_output/indiacities.net/output/content/festivals/vijaya-dashmi/kids-school-essays-crafts-and-educational-content/footer.fragment
festivals/vijaya-dashmi/kids-school-essays-crafts-and-educational-content/dussehra-quiz-for-kids-questions-and-answers.html,festivals/vijaya-dashmi/kids-school-essays-crafts-and-educational-content/dussehra-quiz-for-kids-questions-and-answers.html,no,merged,/Users/prashantdhingra/e/a3_output/indiacities.net/output/content/festivals/vijaya-dashmi/kids-school-essays-crafts-and-educational-content/footer.fragment
festivals/vijaya-dashmi/ramayana-ramlila-ravana-and-mythology/meghnad-or-indrajit-the-warrior-son-of-ravana.html,festivals/vijaya-dashmi/ramayana-ramlila-ravana-and-mythology/meghnad-or-indrajit-the-warrior-son-of-ravana.html,no,merged,/Users/prashantdhingra/e/a3_output/indiacities.net/output/content/festivals/vijaya-dashmi/ramayana-ramlila-ravana-and-mythology/footer.fragment
festivals/vijaya-dashmi/ramayana-ramlila-ravana-and-mythology/ravana-in-different-ramayana-traditions-across-india.html,festivals/vijaya-dashmi/ramayana-ramlila-ravana-and-mythology/ravana-in-different-ramayana-traditions-across-india.html,no,merged,/Users/prashantdhingra/e/a3_output/indiacities.net/output/content/festivals/vijaya-dashmi/ramayana-ramlila-ravana-and-mythology/footer.fragment
festivals/vijaya-dashmi/ramayana-ramlila-ravana-and-mythology/ramlila-history-meaning-and-how-it-is-performed.html,festivals/vijaya-dashmi/ramayana-ramlila-ravana-and-mythology/ramlila-history-meaning-and-how-it-is-performed.html,no,merged,/Users/prashantdhingra/e/a3_output/indiacities.net/output/content/festivals/vijaya-dashmi/ramayana-ramlila-ravana-and-mythology/footer.fragment
festivals/vijaya-dashmi/ramayana-ramlila-ravana-and-mythology/who-was-ravana-mythology-scholarship-and-popular-interpretations.html,festivals/vijaya-dashmi/ramayana-ramlila-ravana-and-mythology/who-was-ravana-mythology-scholarship-and-popular-interpretations.html,no,merged,/Users/prashantdhingra/e/a3_output/indiacities.net/output/content/festivals/vijaya-dashmi/ramayana-ramlila-ravana-and-mythology/footer.fragment
festivals/vijaya-dashmi/ramayana-ramlila-ravana-and-mythology/hanumans-role-in-ramas-victory-over-ravana.html,festivals/vijaya-dashmi/ramayana-ramlila-ravana-and-mythology/hanumans-role-in-ramas-victory-over-ravana.html,no,merged,/Users/prashantdhingra/e/a3_output/indiacities.net/output/content/festivals/vijaya-dashmi/ramayana-ramlila-ravana-and-mythology/footer.fragment
festivals/vijaya-dashmi/ramayana-ramlila-ravana-and-mythology/index.html,festivals/vijaya-dashmi/ramayana-ramlila-ravana-and-mythology/index.html,no,merged,/Users/prashantdhingra/e/a3_output/indiacities.net/output/content/festivals/vijaya-dashmi/ramayana-ramlila-ravana-and-mythology/footer.fragment
festivals/vijaya-dashmi/ramayana-ramlila-ravana-and-mythology/why-did-lord-rama-defeat-ravana.html,festivals/vijaya-dashmi/ramayana-ramlila-ravana-and-mythology/why-did-lord-rama-defeat-ravana.html,no,merged,/Users/prashantdhingra/e/a3_output/indiacities.net/output/content/festivals/vijaya-dashmi/ramayana-ramlila-ravana-and-mythology/footer.fragment
festivals/vijaya-dashmi/ramayana-ramlila-ravana-and-mythology/rama-vs-ravana-the-ramayana-story-behind-dussehra.html,festivals/vijaya-dashmi/ramayana-ramlila-ravana-and-mythology/rama-vs-ravana-the-ramayana-story-behind-dussehra.html,no,merged,/Users/prashantdhingra/e/a3_output/indiacities.net/output/content/festivals/vijaya-dashmi/ramayana-ramlila-ravana-and-mythology/footer.fragment
festivals/vijaya-dashmi/ramayana-ramlila-ravana-and-mythology/was-ravana-only-a-villain-understanding-different-cultural-perspectives.html,festivals/vijaya-dashmi/ramayana-ramlila-ravana-and-mythology/was-ravana-only-a-villain-understanding-different-cultural-perspectives.html,no,merged,/Users/prashantdhingra/e/a3_output/indiacities.net/output/content/festivals/vijaya-dashmi/ramayana-ramlila-ravana-and-mythology/footer.fragment
festivals/vijaya-dashmi/ramayana-ramlila-ravana-and-mythology/lessons-from-the-ramayana-commonly-associated-with-dussehra.html,festivals/vijaya-dashmi/ramayana-ramlila-ravana-and-mythology/lessons-from-the-ramayana-commonly-associated-with-dussehra.html,no,merged,/Users/prashantdhingra/e/a3_output/indiacities.net/output/content/festivals/vijaya-dashmi/ramayana-ramlila-ravana-and-mythology/footer.fragment
festivals/vijaya-dashmi/ramayana-ramlila-ravana-and-mythology/vibhishana-why-ravanas-brother-supported-rama.html,festivals/vijaya-dashmi/ramayana-ramlila-ravana-and-mythology/vibhishana-why-ravanas-brother-supported-rama.html,no,merged,/Users/prashantdhingra/e/a3_output/indiacities.net/output/content/festivals/vijaya-dashmi/ramayana-ramlila-ravana-and-mythology/footer.fragment
festivals/vijaya-dashmi/ramayana-ramlila-ravana-and-mythology/how-the-ramayana-is-taught-to-children-during-dussehra.html,festivals/vijaya-dashmi/ramayana-ramlila-ravana-and-mythology/how-the-ramayana-is-taught-to-children-during-dussehra.html,no,merged,/Users/prashantdhingra/e/a3_output/indiacities.net/output/content/festivals/vijaya-dashmi/ramayana-ramlila-ravana-and-mythology/footer.fragment
festivals/vijaya-dashmi/ramayana-ramlila-ravana-and-mythology/why-are-ravana-kumbhakarna-and-meghnad-effigies-burned-together.html,festivals/vijaya-dashmi/ramayana-ramlila-ravana-and-mythology/why-are-ravana-kumbhakarna-and-meghnad-effigies-burned-together.html,no,merged,/Users/prashantdhingra/e/a3_output/indiacities.net/output/content/festivals/vijaya-dashmi/ramayana-ramlila-ravana-and-mythology/footer.fragment
festivals/vijaya-dashmi/ramayana-ramlila-ravana-and-mythology/how-ramlila-retells-the-ramayana-for-modern-audiences.html,festivals/vijaya-dashmi/ramayana-ramlila-ravana-and-mythology/how-ramlila-retells-the-ramayana-for-modern-audiences.html,no,merged,/Users/prashantdhingra/e/a3_output/indiacities.net/output/content/festivals/vijaya-dashmi/ramayana-ramlila-ravana-and-mythology/footer.fragment
festivals/vijaya-dashmi/ramayana-ramlila-ravana-and-mythology/lakshmanas-role-in-the-ramayana-and-dussehra-story.html,festivals/vijaya-dashmi/ramayana-ramlila-ravana-and-mythology/lakshmanas-role-in-the-ramayana-and-dussehra-story.html,no,merged,/Users/prashantdhingra/e/a3_output/indiacities.net/output/content/festivals/vijaya-dashmi/ramayana-ramlila-ravana-and-mythology/footer.fragment
festivals/vijaya-dashmi/ramayana-ramlila-ravana-and-mythology/ramayana-characters-guide-for-dussehra-rama-sita-hanuman-ravana-and-more.html,festivals/vijaya-dashmi/ramayana-ramlila-ravana-and-mythology/ramayana-characters-guide-for-dussehra-rama-sita-hanuman-ravana-and-more.html,no,merged,/Users/prashantdhingra/e/a3_output/indiacities.net/output/content/festivals/vijaya-dashmi/ramayana-ramlila-ravana-and-mythology/footer.fragment
festivals/vijaya-dashmi/ramayana-ramlila-ravana-and-mythology/the-role-of-sita-in-the-ramayana-and-dussehra-traditions.html,festivals/vijaya-dashmi/ramayana-ramlila-ravana-and-mythology/the-role-of-sita-in-the-ramayana-and-dussehra-traditions.html,no,merged,/Users/prashantdhingra/e/a3_output/indiacities.net/output/content/festivals/vijaya-dashmi/ramayana-ramlila-ravana-and-mythology/footer.fragment
festivals/vijaya-dashmi/ramayana-ramlila-ravana-and-mythology/kumbhakarna-the-story-behind-ravanas-powerful-brother.html,festivals/vijaya-dashmi/ramayana-ramlila-ravana-and-mythology/kumbhakarna-the-story-behind-ravanas-powerful-brother.html,no,merged,/Users/prashantdhingra/e/a3_output/indiacities.net/output/content/festivals/vijaya-dashmi/ramayana-ramlila-ravana-and-mythology/footer.fragment
festivals/vijaya-dashmi/ramayana-ramlila-ravana-and-mythology/famous-ramlila-traditions-of-north-india.html,festivals/vijaya-dashmi/ramayana-ramlila-ravana-and-mythology/famous-ramlila-traditions-of-north-india.html,no,merged,/Users/prashantdhingra/e/a3_output/indiacities.net/output/content/festivals/vijaya-dashmi/ramayana-ramlila-ravana-and-mythology/footer.fragment
festivals/vijaya-dashmi/ramayana-ramlila-ravana-and-mythology/dussehra-and-the-idea-of-dharma-in-the-ramayana.html,festivals/vijaya-dashmi/ramayana-ramlila-ravana-and-mythology/dussehra-and-the-idea-of-dharma-in-the-ramayana.html,no,merged,/Users/prashantdhingra/e/a3_output/indiacities.net/output/content/festivals/vijaya-dashmi/ramayana-ramlila-ravana-and-mythology/footer.fragment
festivals/vijaya-dashmi/ramayana-ramlila-ravana-and-mythology/ten-heads-of-ravana-what-do-they-symbolize.html,festivals/vijaya-dashmi/ramayana-ramlila-ravana-and-mythology/ten-heads-of-ravana-what-do-they-symbolize.html,no,merged,/Users/prashantdhingra/e/a3_output/indiacities.net/output/content/festivals/vijaya-dashmi/ramayana-ramlila-ravana-and-mythology/footer.fragment
festivals/vijaya-dashmi/dussehra-2027-city-events-and-local-search/dussehra-2027-in-chennai-golu-saraswati-puja-and-vijayadashami.html,festivals/vijaya-dashmi/dussehra-2027-city-events-and-local-search/dussehra-2027-in-chennai-golu-saraswati-puja-and-vijayadashami.html,no,merged,/Users/prashantdhingra/e/a3_output/indiacities.net/output/content/festivals/vijaya-dashmi/dussehra-2027-city-events-and-local-search/footer.fragment
festivals/vijaya-dashmi/dussehra-2027-city-events-and-local-search/dussehra-2027-in-toronto-indian-community-events-and-celebrations.html,festivals/vijaya-dashmi/dussehra-2027-city-events-and-local-search/dussehra-2027-in-toronto-indian-community-events-and-celebrations.html,no,merged,/Users/prashantdhingra/e/a3_output/indiacities.net/output/content/festivals/vijaya-dashmi/dussehra-2027-city-events-and-local-search/footer.fragment
festivals/vijaya-dashmi/dussehra-2027-city-events-and-local-search/dussehra-2027-in-kota-dussehra-mela-and-event-guide.html,festivals/vijaya-dashmi/dussehra-2027-city-events-and-local-search/dussehra-2027-in-kota-dussehra-mela-and-event-guide.html,no,merged,/Users/prashantdhingra/e/a3_output/indiacities.net/output/content/festivals/vijaya-dashmi/dussehra-2027-city-events-and-local-search/footer.fragment
festivals/vijaya-dashmi/dussehra-2027-city-events-and-local-search/index.html,festivals/vijaya-dashmi/dussehra-2027-city-events-and-local-search/index.html,no,merged,/Users/prashantdhingra/e/a3_output/indiacities.net/output/content/festivals/vijaya-dashmi/dussehra-2027-city-events-and-local-search/footer.fragment
festivals/vijaya-dashmi/dussehra-2027-city-events-and-local-search/dussehra-2027-in-new-jersey-ramlila-and-indian-community-events.html,festivals/vijaya-dashmi/dussehra-2027-city-events-and-local-search/dussehra-2027-in-new-jersey-ramlila-and-indian-community-events.html,no,merged,/Users/prashantdhingra/e/a3_output/indiacities.net/output/content/festivals/vijaya-dashmi/dussehra-2027-city-events-and-local-search/footer.fragment
festivals/vijaya-dashmi/dussehra-2027-city-events-and-local-search/dussehra-2027-near-me-how-to-find-ramlila-effigy-burning-and-local-events.html,festivals/vijaya-dashmi/dussehra-2027-city-events-and-local-search/dussehra-2027-near-me-how-to-find-ramlila-effigy-burning-and-local-events.html,no,merged,/Users/prashantdhingra/e/a3_output/indiacities.net/output/content/festivals/vijaya-dashmi/dussehra-2027-city-events-and-local-search/footer.fragment
festivals/vijaya-dashmi/dussehra-2027-city-events-and-local-search/dussehra-2027-in-mumbai-events-and-vijayadashami-celebrations.html,festivals/vijaya-dashmi/dussehra-2027-city-events-and-local-search/dussehra-2027-in-mumbai-events-and-vijayadashami-celebrations.html,no,merged,/Users/prashantdhingra/e/a3_output/indiacities.net/output/content/festivals/vijaya-dashmi/dussehra-2027-city-events-and-local-search/footer.fragment
festivals/vijaya-dashmi/dussehra-2027-city-events-and-local-search/dussehra-2027-in-bengaluru-ayudha-puja-and-city-events.html,festivals/vijaya-dashmi/dussehra-2027-city-events-and-local-search/dussehra-2027-in-bengaluru-ayudha-puja-and-city-events.html,no,merged,/Users/prashantdhingra/e/a3_output/indiacities.net/output/content/festivals/vijaya-dashmi/dussehra-2027-city-events-and-local-search/footer.fragment
festivals/vijaya-dashmi/dussehra-2027-city-events-and-local-search/dussehra-2027-in-faridabad-events-and-community-celebrations.html,festivals/vijaya-dashmi/dussehra-2027-city-events-and-local-search/dussehra-2027-in-faridabad-events-and-community-celebrations.html,no,merged,/Users/prashantdhingra/e/a3_output/indiacities.net/output/content/festivals/vijaya-dashmi/dussehra-2027-city-events-and-local-search/footer.fragment
festivals/vijaya-dashmi/dussehra-2027-city-events-and-local-search/dussehra-2027-in-gurugram-events-and-celebration-guide.html,festivals/vijaya-dashmi/dussehra-2027-city-events-and-local-search/dussehra-2027-in-gurugram-events-and-celebration-guide.html,no,merged,/Users/prashantdhingra/e/a3_output/indiacities.net/output/content/festivals/vijaya-dashmi/dussehra-2027-city-events-and-local-search/footer.fragment
festivals/vijaya-dashmi/dussehra-2027-city-events-and-local-search/dussehra-2027-in-jaipur-fairs-ramlila-and-events.html,festivals/vijaya-dashmi/dussehra-2027-city-events-and-local-search/dussehra-2027-in-jaipur-fairs-ramlila-and-events.html,no,merged,/Users/prashantdhingra/e/a3_output/indiacities.net/output/content/festivals/vijaya-dashmi/dussehra-2027-city-events-and-local-search/footer.fragment
festivals/vijaya-dashmi/dussehra-2027-city-events-and-local-search/dussehra-2027-in-kolkata-vijayadashami-and-durga-visarjan.html,festivals/vijaya-dashmi/dussehra-2027-city-events-and-local-search/dussehra-2027-in-kolkata-vijayadashami-and-durga-visarjan.html,no,merged,/Users/prashantdhingra/e/a3_output/indiacities.net/output/content/festivals/vijaya-dashmi/dussehra-2027-city-events-and-local-search/footer.fragment
festivals/vijaya-dashmi/dussehra-2027-city-events-and-local-search/dussehra-2027-in-varanasi-ramnagar-ramlila-and-festival-guide.html,festivals/vijaya-dashmi/dussehra-2027-city-events-and-local-search/dussehra-2027-in-varanasi-ramnagar-ramlila-and-festival-guide.html,no,merged,/Users/prashantdhingra/e/a3_output/indiacities.net/output/content/festivals/vijaya-dashmi/dussehra-2027-city-events-and-local-search/footer.fragment
festivals/vijaya-dashmi/dussehra-2027-city-events-and-local-search/dussehra-2027-in-mysuru-procession-palace-lights-and-events.html,festivals/vijaya-dashmi/dussehra-2027-city-events-and-local-search/dussehra-2027-in-mysuru-procession-palace-lights-and-events.html,no,merged,/Users/prashantdhingra/e/a3_output/indiacities.net/output/content/festivals/vijaya-dashmi/dussehra-2027-city-events-and-local-search/footer.fragment
festivals/vijaya-dashmi/dussehra-2027-city-events-and-local-search/dussehra-2027-in-ayodhya-events-and-celebration-guide.html,festivals/vijaya-dashmi/dussehra-2027-city-events-and-local-search/dussehra-2027-in-ayodhya-events-and-celebration-guide.html,no,merged,/Users/prashantdhingra/e/a3_output/indiacities.net/output/content/festivals/vijaya-dashmi/dussehra-2027-city-events-and-local-search/footer.fragment
festivals/vijaya-dashmi/dussehra-2027-city-events-and-local-search/dussehra-2027-in-noida-ramlila-and-community-events.html,festivals/vijaya-dashmi/dussehra-2027-city-events-and-local-search/dussehra-2027-in-noida-ramlila-and-community-events.html,no,merged,/Users/prashantdhingra/e/a3_output/indiacities.net/output/content/festivals/vijaya-dashmi/dussehra-2027-city-events-and-local-search/footer.fragment
festivals/vijaya-dashmi/dussehra-2027-city-events-and-local-search/dussehra-2027-in-lucknow-ramlila-fairs-and-events.html,festivals/vijaya-dashmi/dussehra-2027-city-events-and-local-search/dussehra-2027-in-lucknow-ramlila-fairs-and-events.html,no,merged,/Users/prashantdhingra/e/a3_output/indiacities.net/output/content/festivals/vijaya-dashmi/dussehra-2027-city-events-and-local-search/footer.fragment
festivals/vijaya-dashmi/dussehra-2027-city-events-and-local-search/dussehra-2027-in-ghaziabad-ramlila-and-local-events.html,festivals/vijaya-dashmi/dussehra-2027-city-events-and-local-search/dussehra-2027-in-ghaziabad-ramlila-and-local-events.html,no,merged,/Users/prashantdhingra/e/a3_output/indiacities.net/output/content/festivals/vijaya-dashmi/dussehra-2027-city-events-and-local-search/footer.fragment
festivals/vijaya-dashmi/dussehra-2027-city-events-and-local-search/dussehra-2027-in-pune-simollanghan-and-local-events.html,festivals/vijaya-dashmi/dussehra-2027-city-events-and-local-search/dussehra-2027-in-pune-simollanghan-and-local-events.html,no,merged,/Users/prashantdhingra/e/a3_output/indiacities.net/output/content/festivals/vijaya-dashmi/dussehra-2027-city-events-and-local-search/footer.fragment
festivals/vijaya-dashmi/dussehra-2027-city-events-and-local-search/dussehra-2027-in-hyderabad-events-and-community-celebrations.html,festivals/vijaya-dashmi/dussehra-2027-city-events-and-local-search/dussehra-2027-in-hyderabad-events-and-community-celebrations.html,no,merged,/Users/prashantdhingra/e/a3_output/indiacities.net/output/content/festivals/vijaya-dashmi/dussehra-2027-city-events-and-local-search/footer.fragment
festivals/vijaya-dashmi/dussehra-2027-city-events-and-local-search/dussehra-2027-in-delhi-ramlila-effigy-burning-and-events.html,festivals/vijaya-dashmi/dussehra-2027-city-events-and-local-search/dussehra-2027-in-delhi-ramlila-effigy-burning-and-events.html,no,merged,/Users/prashantdhingra/e/a3_output/indiacities.net/output/content/festivals/vijaya-dashmi/dussehra-2027-city-events-and-local-search/footer.fragment
uttarakhand/Jim-Corbett.html,uttarakhand/Jim-Corbett.html,no,merged,/Users/prashantdhingra/e/a3_output/indiacities.net/output/content/uttarakhand/footer.fragment
uttarakhand/Dehradun.html,uttarakhand/Dehradun.html,no,merged,/Users/prashantdhingra/e/a3_output/indiacities.net/output/content/uttarakhand/footer.fragment
uttarakhand/Nainital.html,uttarakhand/Nainital.html,no,merged,/Users/prashantdhingra/e/a3_output/indiacities.net/output/content/uttarakhand/footer.fragment
uttarakhand/haldwani-tour.html,uttarakhand/haldwani-tour.html,no,merged,/Users/prashantdhingra/e/a3_output/indiacities.net/output/content/uttarakhand/footer.fragment
uttarakhand/Risikesh.html,uttarakhand/Risikesh.html,no,merged,/Users/prashantdhingra/e/a3_output/indiacities.net/output/content/uttarakhand/footer.fragment
bihar/Bodhgaya.html,bihar/Bodhgaya.html,no,merged,/Users/prashantdhingra/e/a3_output/indiacities.net/output/content/bihar/footer.fragment
bihar/Patna.html,bihar/Patna.html,no,merged,/Users/prashantdhingra/e/a3_output/indiacities.net/output/content/bihar/footer.fragment
jharkhand/Ranchi.html,jharkhand/Ranchi.html,no,merged,/Users/prashantdhingra/e/a3_output/indiacities.net/output/content/jharkhand/footer.fragment
